id,word,order_of_evocation,evaluation
-M0-9OQkabuGoSmceB5E,information,1,5
-M0-9OQkabuGoSmceB5E,analysis,2,5
-M0-9OQkabuGoSmceB5E,research,3,5
-M0-9OQkabuGoSmceB5E,commercial,4,4
-M0-9OQkabuGoSmceB5E,filtration,5,-5
-M0U7_pJAU9Ehga0LIWq,information,1,5
-M0U7_pJAU9Ehga0LIWq,technology,2,5
-M0U7_pJAU9Ehga0LIWq,systems,3,5
-M0U7_pJAU9Ehga0LIWq,computer,4,0
-M0U7_pJAU9Ehga0LIWq,freaks,5,-3
-M2M9R-DBBKvCzlYoWR0,homovidens,1,2
-M2M9R-DBBKvCzlYoWR0,revolution,2,4
-M2M9R-DBBKvCzlYoWR0,virtual,3,4
-M2M9R-DBBKvCzlYoWR0,analog,4,3
-M2M9R-DBBKvCzlYoWR0,digital,5,2
-M2MhH9dvNq3RzShEV1-,information,1,5
-M2MhH9dvNq3RzShEV1-,actionable,2,4
-M2MhH9dvNq3RzShEV1-,technology,3,0
-M2MhH9dvNq3RzShEV1-,science,4,4
-M2MhH9dvNq3RzShEV1-,statistics,5,4
-M2OlvD1JZjfdTGZsbHw,data,1,3
-M2OlvD1JZjfdTGZsbHw,technology,2,3
-M2OlvD1JZjfdTGZsbHw,future,3,5
-M2OlvD1JZjfdTGZsbHw,young man,4,4
-M2OlvD1JZjfdTGZsbHw,news,5,4
-M2OunC4N1HIrIdCXw7z,information,1,2
-M2OunC4N1HIrIdCXw7z,technology,2,1
-M2OunC4N1HIrIdCXw7z,advance,3,1
-M2OunC4N1HIrIdCXw7z,data,4,2
-M2OunC4N1HIrIdCXw7z,speed,5,2
-M2UNscfItR-VKSKId1m,internet,1,0
-M2UNscfItR-VKSKId1m,control,2,-4
-M2UNscfItR-VKSKId1m,Governments,3,-1
-M2UNscfItR-VKSKId1m,facebook,4,0
-M2UNscfItR-VKSKId1m,Statistics,5,1
-M2WVsZ-_IUoEbxBpR26,dataso,1,5
-M2WVsZ-_IUoEbxBpR26,aid,2,5
-M2WVsZ-_IUoEbxBpR26,important,3,4
-M2YdUBFrDxYvSG9E7X-,manipulation,1,-5
-M2YdUBFrDxYvSG9E7X-,control,2,-5
-M2YdUBFrDxYvSG9E7X-,Problem resolution,3,0
-M2YdUBFrDxYvSG9E7X-,multiple stimuli,4,-3
-M2YdUBFrDxYvSG9E7X-,effectiveness,5,-3
-M2_T-DMepuBXF4aDdvC,great,1,5
-M2_T-DMepuBXF4aDdvC,data,2,5
-M2_T-DMepuBXF4aDdvC,informative,3,5
-M2_T-DMepuBXF4aDdvC,includes,4,5
-M2_T-DMepuBXF4aDdvC,all,5,5
-M2_T-DMepuBXF4aDdvC,benefit,6,4
-M2e6O_WHZM0MXYY-thH,advance,1,5
-M2e6O_WHZM0MXYY-thH,technological,2,5
-M2e6O_WHZM0MXYY-thH,Connection,3,2
-M2e6O_WHZM0MXYY-thH,world,4,5
-M2e6O_WHZM0MXYY-thH,utility,5,5
-M2fELkpj6exAMlFMdKd,information,1,-5
-M2fELkpj6exAMlFMdKd,dates base,2,-5
-M2fELkpj6exAMlFMdKd,accessibility,3,-5
-M2fELkpj6exAMlFMdKd,community,4,-5
-M2fELkpj6exAMlFMdKd,big file,5,-5
-M2fpOVv1Q7R8KPgXPKb,excess information,1,-3
-M2fpOVv1Q7R8KPgXPKb,media harassment,2,-5
-M2fpOVv1Q7R8KPgXPKb,Information manipulation,3,-3
-M2fpOVv1Q7R8KPgXPKb,postmodernity,4,-3
-M2fpOVv1Q7R8KPgXPKb,free access,5,3
-M2hqEpur6zagMpnQfmf,information,1,5
-M2hqEpur6zagMpnQfmf,global,2,5
-M2hqEpur6zagMpnQfmf,seeker,3,5
-M2hqEpur6zagMpnQfmf,ordinator,4,5
-M2hqEpur6zagMpnQfmf,free,5,5
-M2i0rFGM9ErVXck8vtf,over information,1,-4
-M2i0rFGM9ErVXck8vtf,Privacy invasion,2,-5
-M2i0rFGM9ErVXck8vtf,Globalization,3,0
-M2i0rFGM9ErVXck8vtf,Access to information,4,3
-M2i0rFGM9ErVXck8vtf,Sensitive data manipulation,5,-5
-M2i3IK6BZvZimYl7-KA,many data,1,5
-M2i3IK6BZvZimYl7-KA,overflow,2,-3
-M2i3IK6BZvZimYl7-KA,Virtuality,3,3
-M2i3IK6BZvZimYl7-KA,Data uses,4,-3
-M2i3IK6BZvZimYl7-KA,analysis,5,5
-M2j8TRe1A9HzDQOz-Dl,data,1,-1
-M2j8TRe1A9HzDQOz-Dl,internet,2,3
-M2j8TRe1A9HzDQOz-Dl,web,3,-2
-M2j8TRe1A9HzDQOz-Dl,Applications,4,2
-M2j8TRe1A9HzDQOz-Dl,information,5,-2
-M2j_dvQIpocfeq_ONWP,Bank,1,-2
-M2j_dvQIpocfeq_ONWP,data,2,3
-M2j_dvQIpocfeq_ONWP,codes,3,4
-M2j_dvQIpocfeq_ONWP,logarithms,4,2
-M2j_dvQIpocfeq_ONWP,information,5,2
-M2kRT_Ls0HPsuxuN9ev,information,1,5
-M2kRT_Ls0HPsuxuN9ev,Globalization,2,1
-M2kRT_Ls0HPsuxuN9ev,string,3,0
-M2kRT_Ls0HPsuxuN9ev,massive,4,-1
-M2kRT_Ls0HPsuxuN9ev,company,5,-2
-M2n45K5ko32iExLG1_O,information,1,5
-M2n45K5ko32iExLG1_O,massive,2,-1
-M2n45K5ko32iExLG1_O,invasive,3,-5
-M2n45K5ko32iExLG1_O,systematic,4,0
-M2n45K5ko32iExLG1_O,statistics,5,2
-M2nvwPnmHoGrla4CCtb,information,1,5
-M2nvwPnmHoGrla4CCtb,decipher,2,3
-M2nvwPnmHoGrla4CCtb,interaction,3,5
-M2nvwPnmHoGrla4CCtb,building,4,4
-M2nvwPnmHoGrla4CCtb,socialization,5,4
-M2oCta_znnbqDsXi_is,data,1,0
-M2oCta_znnbqDsXi_is,big ones,2,4
-M2oCta_znnbqDsXi_is,complex,3,0
-M2oCta_znnbqDsXi_is,It requires processing,4,1
-M2oCta_znnbqDsXi_is,for other programs,5,0
-M2oma_G7HRxToHw-cGT,internet,1,5
-M2oma_G7HRxToHw-cGT,data,2,5
-M2oma_G7HRxToHw-cGT,programming,3,5
-M2oma_G7HRxToHw-cGT,probability,4,0
-M2oma_G7HRxToHw-cGT,prosecution,5,0
-M2p0ylnKukKQXwe_hNM,data,1,0
-M2p0ylnKukKQXwe_hNM,information,2,0
-M2p0ylnKukKQXwe_hNM,collection,3,0
-M2p0ylnKukKQXwe_hNM,prosecution,4,0
-M2p0ylnKukKQXwe_hNM,massive,5,0
-M2sF500LfduXuQ9IwZj,Great data,1,5
-M2sF500LfduXuQ9IwZj,knowledge,2,5
-M2sF500LfduXuQ9IwZj,exploration,3,5
-M2sF500LfduXuQ9IwZj,technology,4,5
-M2sF500LfduXuQ9IwZj,information,5,5
-M2uUDxoOXAOC5Nadm5Q,shivering,1,3
-M2uUDxoOXAOC5Nadm5Q,given,2,4
-M2uUDxoOXAOC5Nadm5Q,can,3,3
-M2uUDxoOXAOC5Nadm5Q,dimension,4,3
-M2uUDxoOXAOC5Nadm5Q,great,5,3
-M2v0ec4SiiPOGUqFGUb,corporation,1,-5
-M2v0ec4SiiPOGUqFGUb,privacy,2,5
-M2v0ec4SiiPOGUqFGUb,sell,3,0
-M2v0ec4SiiPOGUqFGUb,information,4,0
-M2v0ec4SiiPOGUqFGUb,the payment,5,-1
-M2xF57dopHK9BpRx5Hh,handling,1,-5
-M2xF57dopHK9BpRx5Hh,information,2,5
-M2xF57dopHK9BpRx5Hh,politics,3,-5
-M2xF57dopHK9BpRx5Hh,domain,4,-5
-M2xF57dopHK9BpRx5Hh,aid,5,5
-M2xGoFFBmmgTKpYvfhY,Infinite connections,1,4
-M2xGoFFBmmgTKpYvfhY,internet,2,5
-M2xGoFFBmmgTKpYvfhY,artificial intelligence,3,4
-M2xGoFFBmmgTKpYvfhY,New software,4,5
-M2xGoFFBmmgTKpYvfhY,answers,5,4
-M2xPtAsXnj6573wthIF,analysis,1,2
-M2xPtAsXnj6573wthIF,scale,2,0
-M2xPtAsXnj6573wthIF,data,3,0
-M2xPtAsXnj6573wthIF,surveillance,4,-1
-M2xPtAsXnj6573wthIF,science,5,4
-M2xtkaLTAGxORvpcqnr,Great database,1,-1
-M2xtkaLTAGxORvpcqnr,cloud,2,2
-M2xtkaLTAGxORvpcqnr,imformatica,3,4
-M2xtkaLTAGxORvpcqnr,personal information,4,-4
-M2xtkaLTAGxORvpcqnr,search,5,-1
-M2yAbCja-NoP1Q9Mq22,amount,1,4
-M2yAbCja-NoP1Q9Mq22,Users,2,4
-M2yAbCja-NoP1Q9Mq22,algorithms,3,4
-M2yAbCja-NoP1Q9Mq22,pleasures,4,2
-M2yAbCja-NoP1Q9Mq22,systems,5,3
-M2yHEk4O2PrIpJ7RFKp,data,1,0
-M2yHEk4O2PrIpJ7RFKp,binary system,2,0
-M2yHEk4O2PrIpJ7RFKp,number,3,0
-M2yHEk4O2PrIpJ7RFKp,Coded information,4,0
-M2zO90WdpFEVPalRjSM,information,1,0
-M2zO90WdpFEVPalRjSM,privacy,2,-4
-M2zO90WdpFEVPalRjSM,freedom,3,-3
-M2zO90WdpFEVPalRjSM,advertising,4,-4
-M2zO90WdpFEVPalRjSM,technology,5,0
-M2zTbUMqEycnjuOnRdU,data,1,5
-M2zTbUMqEycnjuOnRdU,speed capacity,2,5
-M2zTbUMqEycnjuOnRdU,data processing,3,5
-M2zTbUMqEycnjuOnRdU,Information Technology,4,5
-M2zTbUMqEycnjuOnRdU,ability to analyze and relate D,5,5
-M3-EyU4jcQEgYNAOe3s,r studio,1,5
-M3-EyU4jcQEgYNAOe3s,statistics,2,5
-M3-EyU4jcQEgYNAOe3s,internet,3,5
-M3-EyU4jcQEgYNAOe3s,control,4,-3
-M3-EyU4jcQEgYNAOe3s,models,5,5
-M3-QXl0-gKlc0UmpyNn,data,1,5
-M3-QXl0-gKlc0UmpyNn,knowledge,2,5
-M3-QXl0-gKlc0UmpyNn,control,3,-3
-M3-QXl0-gKlc0UmpyNn,anything,4,0
-M3-QXl0-gKlc0UmpyNn,anything,5,0
-M32POeX9RW1rFTkIb6d,Great data,1,0
-M32POeX9RW1rFTkIb6d,data volumes,2,5
-M32POeX9RW1rFTkIb6d,Structured data,3,0
-M32POeX9RW1rFTkIb6d,Great Data,4,0
-M32POeX9RW1rFTkIb6d,new commercial services,5,0
-M32VykWfiNM5m0P3U9V,Corporations,1,-3
-M32VykWfiNM5m0P3U9V,information,2,5
-M32VykWfiNM5m0P3U9V,espionage,3,-4
-M32VykWfiNM5m0P3U9V,robo,4,-5
-M32VykWfiNM5m0P3U9V,covert,5,-5
-M3SNRpAxiy-4pTlRfxi,information,1,3
-M3SNRpAxiy-4pTlRfxi,availability,2,4
-M3SNRpAxiy-4pTlRfxi,risk,3,-4
-M3SNRpAxiy-4pTlRfxi,privacy,4,-3
-M3SNRpAxiy-4pTlRfxi,computing,5,2
-M3lt2Bhf7uv-k52J35p,technology,1,5
-M3lt2Bhf7uv-k52J35p,speed,2,5
-M3lt2Bhf7uv-k52J35p,information,3,5
-M3lt2Bhf7uv-k52J35p,privacy,4,-2
-M3lt2Bhf7uv-k52J35p,Connection,5,5
-M3sxPk0nUoYrZGkm-ja,great,1,2
-M3sxPk0nUoYrZGkm-ja,data,2,2
-M3sxPk0nUoYrZGkm-ja,communication,3,2
-M3sxPk0nUoYrZGkm-ja,commercialization,4,-1
-M3sxPk0nUoYrZGkm-ja,Globalization,5,-3
-M3vrm1-PnnPcRZt85pD,data,1,1
-M3vrm1-PnnPcRZt85pD,internet,2,0
-M3vrm1-PnnPcRZt85pD,navigation,3,0
-M3vrm1-PnnPcRZt85pD,privacy,4,0
-M3vrm1-PnnPcRZt85pD,Rights,5,0
-M3vrtaCfmnZHt109At7,internet,1,5
-M3vrtaCfmnZHt109At7,online,2,5
-M3vrtaCfmnZHt109At7,promos,3,5
-M3vrtaCfmnZHt109At7,data,4,5
-M3vrtaCfmnZHt109At7,email,5,5
-M3vs7oqT4KboKP9xjC5,Compile information,1,0
-M3vs7oqT4KboKP9xjC5,data bank,2,0
-M3vs7oqT4KboKP9xjC5,Computing,3,0
-M3vs7oqT4KboKP9xjC5,Virtual information,4,0
-M3vs7oqT4KboKP9xjC5,internet,5,0
-M3w2JpiZIw8kpUsskzv,internet,1,5
-M3w2JpiZIw8kpUsskzv,storage,2,5
-M3w2JpiZIw8kpUsskzv,dates base,3,0
-M3w2JpiZIw8kpUsskzv,ability,4,0
-M3w2JpiZIw8kpUsskzv,speed,5,0
-M3wGsVZGTr6H_MIHABL,information,1,5
-M3wGsVZGTr6H_MIHABL,excessive,2,0
-M3wGsVZGTr6H_MIHABL,channels,3,4
-M3wGsVZGTr6H_MIHABL,inclusion,4,5
-M3wGsVZGTr6H_MIHABL,useful,5,5
-M40GnKqZDUDVKuHZeN1,Infomation,1,5
-M40GnKqZDUDVKuHZeN1,technology,2,5
-M40GnKqZDUDVKuHZeN1,programmers,3,5
-M40GnKqZDUDVKuHZeN1,Market/Consumers Analysis,4,5
-M40GnKqZDUDVKuHZeN1,segmentation,5,0
-M4605TVwYB7Jqvyxfwz,control,1,-4
-M4605TVwYB7Jqvyxfwz,information,2,0
-M4605TVwYB7Jqvyxfwz,marketing,3,-4
-M4605TVwYB7Jqvyxfwz,infinite,4,0
-M4605TVwYB7Jqvyxfwz,Connection,5,0
-M46ULzYYzYfjd15rq9l,Artificial memory,1,0
-M46ULzYYzYfjd15rq9l,many data,2,0
-M46ULzYYzYfjd15rq9l,Many charged data,3,0
-M46ULzYYzYfjd15rq9l,Great information saved,4,0
-M46ULzYYzYfjd15rq9l,Machine guard dates,5,0
-M46fJznS6rvED7w4-Lv,privacy (loss of),1,-5
-M46fJznS6rvED7w4-Lv,analysis,2,3
-M46fJznS6rvED7w4-Lv,resource,3,0
-M46fJznS6rvED7w4-Lv,computing,4,2
-M46fJznS6rvED7w4-Lv,common place,5,-3
-M46zXQYg6QKgZVX_pQv,universe,1,3
-M46zXQYg6QKgZVX_pQv,control,2,-4
-M46zXQYg6QKgZVX_pQv,handling,3,-4
-M46zXQYg6QKgZVX_pQv,acousse,4,0
-M46zXQYg6QKgZVX_pQv,democratization,5,1
-M4710w3FVeTgjdkpJPX,information,1,5
-M4710w3FVeTgjdkpJPX,meddling,2,-3
-M4710w3FVeTgjdkpJPX,instantaneity,3,2
-M4710w3FVeTgjdkpJPX,marketing,4,2
-M4710w3FVeTgjdkpJPX,networks,5,2
-M47ExPq-lbDnXrT8wtS,data,1,5
-M47ExPq-lbDnXrT8wtS,information,2,5
-M47ExPq-lbDnXrT8wtS,news,3,5
-M47ExPq-lbDnXrT8wtS,attract atention,4,-5
-M47ExPq-lbDnXrT8wtS,I agreed now,5,0
-M47M8rn69ZaP2OdOy7R,information,1,5
-M47M8rn69ZaP2OdOy7R,great,2,5
-M47M8rn69ZaP2OdOy7R,trustworthy,3,0
-M47M8rn69ZaP2OdOy7R,interesting,4,0
-M47M8rn69ZaP2OdOy7R,contents,5,0
-M47Wjv9dk5p4e5a6Iq3,internet,1,5
-M47Wjv9dk5p4e5a6Iq3,social networks,2,4
-M47Wjv9dk5p4e5a6Iq3,information,3,1
-M47Wjv9dk5p4e5a6Iq3,worked,4,5
-M47Wjv9dk5p4e5a6Iq3,exchange,5,5
-M4822FBV7CV-ctwFc9e,great,1,5
-M4822FBV7CV-ctwFc9e,data,2,5
-M4822FBV7CV-ctwFc9e,numerous,3,5
-M4822FBV7CV-ctwFc9e,Many,4,5
-M4822FBV7CV-ctwFc9e,information,5,5
-M48q9mNBBmUMXpAydKS,dates base,1,0
-M48q9mNBBmUMXpAydKS,privacy,2,-3
-M48q9mNBBmUMXpAydKS,marketing,3,0
-M48q9mNBBmUMXpAydKS,strategy,4,0
-M48q9mNBBmUMXpAydKS,monetization,5,-2
-M48qPT14N4x4tX0sMf7,dates base,1,-5
-M48qPT14N4x4tX0sMf7,web server,2,-5
-M48qPT14N4x4tX0sMf7,ProgramCión,3,-5
-M48qPT14N4x4tX0sMf7,maintenance,4,-5
-M48qPT14N4x4tX0sMf7,Physical computer science,5,-5
-M49y46ZZ2pm7i3UcNLu,information,1,3
-M49y46ZZ2pm7i3UcNLu,communication,2,2
-M49y46ZZ2pm7i3UcNLu,exchange,3,3
-M49y46ZZ2pm7i3UcNLu,global,4,0
-M49y46ZZ2pm7i3UcNLu,ideas,5,3
-M4A03asbnw6nzk8I4vR,handling,1,-3
-M4A03asbnw6nzk8I4vR,enlarge,2,2
-M4A03asbnw6nzk8I4vR,interests,3,-1
-M4A03asbnw6nzk8I4vR,transcendent,4,1
-M4A03asbnw6nzk8I4vR,to improve,5,3
-M4AJd3BtrZ3xduq4osn,data,1,3
-M4AJd3BtrZ3xduq4osn,analytics,2,3
-M4AJd3BtrZ3xduq4osn,information,3,3
-M4AJd3BtrZ3xduq4osn,decisions,4,3
-M4AJd3BtrZ3xduq4osn,business,5,3
-M4AcPbQpTC-METSfP5k,Computing,1,3
-M4AcPbQpTC-METSfP5k,computing,2,3
-M4AcPbQpTC-METSfP5k,technology,3,3
-M4AcPbQpTC-METSfP5k,data,4,2
-M4AcPbQpTC-METSfP5k,math,5,2
-M4Cf3KvtccpvZrsub2l,data,1,2
-M4Cf3KvtccpvZrsub2l,information,2,0
-M4Cf3KvtccpvZrsub2l,flow,3,0
-M4Cf3KvtccpvZrsub2l,internet,4,0
-M4Cf3KvtccpvZrsub2l,statistics,5,0
-M4CoQCiGFJjbORvBsQH,information,1,5
-M4CoQCiGFJjbORvBsQH,technology,2,5
-M4CoQCiGFJjbORvBsQH,evolution,3,4
-M4CoQCiGFJjbORvBsQH,education,4,5
-M4CoQCiGFJjbORvBsQH,change,5,3
-M4DTrFzmy3pxm-A7w_U,given,1,-2
-M4DTrFzmy3pxm-A7w_U,information,2,-2
-M4DTrFzmy3pxm-A7w_U,technology,3,1
-M4DTrFzmy3pxm-A7w_U,human,4,4
-M4DTrFzmy3pxm-A7w_U,variables,5,0
-M4Dmi9DXcdYNEvPds4F,under,1,0
-M4Dmi9DXcdYNEvPds4F,interesting,2,0
-M4Dmi9DXcdYNEvPds4F,easy,3,0
-M4Dmi9DXcdYNEvPds4F,complicated,4,-2
-M4Dmi9DXcdYNEvPds4F,witty,5,0
-M4E07MEGVyMuAI6Ga6m,computers,1,5
-M4E07MEGVyMuAI6Ga6m,overestimulation,2,-2
-M4E07MEGVyMuAI6Ga6m,programmer,3,0
-M4E07MEGVyMuAI6Ga6m,informationm,4,3
-M4E07MEGVyMuAI6Ga6m,companies,5,-4
-M4EyfqsuQyVAJ0-vi3k,marketing,1,-5
-M4EyfqsuQyVAJ0-vi3k,statistics,2,5
-M4EyfqsuQyVAJ0-vi3k,privacy,3,-4
-M4EyfqsuQyVAJ0-vi3k,software,4,0
-M4EyfqsuQyVAJ0-vi3k,results,5,3
-M4FCXhNtqZ5TQk3f0Hr,internet,1,4
-M4FCXhNtqZ5TQk3f0Hr,about information,2,-2
-M4FCXhNtqZ5TQk3f0Hr,accessibility,3,5
-M4FCXhNtqZ5TQk3f0Hr,false news,4,-5
-M4FCXhNtqZ5TQk3f0Hr,engineering,5,3
-M4FE_8DpDP33JDJhyFR,information,1,2
-M4FE_8DpDP33JDJhyFR,control,2,-2
-M4FE_8DpDP33JDJhyFR,technology,3,0
-M4FE_8DpDP33JDJhyFR,government,4,-1
-M4FE_8DpDP33JDJhyFR,can,5,-1
-M4FgHjOrh1WWkiE4Jpq,data,1,0
-M4FgHjOrh1WWkiE4Jpq,great,2,3
-M4FgHjOrh1WWkiE4Jpq,agenda,3,1
-M4FgHjOrh1WWkiE4Jpq,technicalism,4,0
-M4FgHjOrh1WWkiE4Jpq,information,5,0
-M4G0lbgtzXG3Ztts47C,great,1,5
-M4G0lbgtzXG3Ztts47C,information,2,5
-M4G0lbgtzXG3Ztts47C,data,3,5
-M4G0lbgtzXG3Ztts47C,apple,4,5
-M4G0lbgtzXG3Ztts47C,informatica,5,5
-M4G4quSr9ib-mdfngz3,big mac,1,2
-M4G4quSr9ib-mdfngz3,microsoft,2,3
-M4G4quSr9ib-mdfngz3,apple,3,3
-M4G4quSr9ib-mdfngz3,silicon valle,4,4
-M4G4quSr9ib-mdfngz3,steve jobs,5,4
-M4GKqHNosx4NqQ_VwpH,Great information,1,-1
-M4GKqHNosx4NqQ_VwpH,Data hacking,2,5
-M4GKqHNosx4NqQ_VwpH,data manipulation,3,5
-M4GKqHNosx4NqQ_VwpH,proximity to control,4,0
-M4GKqHNosx4NqQ_VwpH,Great data network,5,0
-M4GrXMfSAzmuoaAbilF,Great knowledge,1,5
-M4GrXMfSAzmuoaAbilF,Great dates,2,5
-M4GrXMfSAzmuoaAbilF,know much,3,5
-M4GrXMfSAzmuoaAbilF,to understand,4,5
-M4GrXMfSAzmuoaAbilF,know,5,5
-M4H9YevJdxGiEBB66V4,control,1,-2
-M4H9YevJdxGiEBB66V4,business,2,-2
-M4H9YevJdxGiEBB66V4,accessibility,3,2
-M4H9YevJdxGiEBB66V4,can,4,-1
-M4H9YevJdxGiEBB66V4,information,5,0
-M4HpW0_DE3Wt0F5vvoR,data,1,2
-M4HpW0_DE3Wt0F5vvoR,accumulation,2,-3
-M4HpW0_DE3Wt0F5vvoR,storage,3,0
-M4HpW0_DE3Wt0F5vvoR,control,4,-2
-M4HpW0_DE3Wt0F5vvoR,public,5,-5
-M4Lss3W7OI-gRAUdPgq,data,1,3
-M4Lss3W7OI-gRAUdPgq,information,2,5
-M4Lss3W7OI-gRAUdPgq,great,3,3
-M4Lss3W7OI-gRAUdPgq,data,4,3
-M4Lss3W7OI-gRAUdPgq,macrodatos,5,-1
-M4Lss3W7OI-gRAUdPgq,technology,6,0
-M4MHrfa2YMotVOJuC1A,brightness,1,-2
-M4MHrfa2YMotVOJuC1A,chimento,2,5
-M4MHrfa2YMotVOJuC1A,dog,3,5
-M4MHrfa2YMotVOJuC1A,cat,4,-5
-M4MHrfa2YMotVOJuC1A,sweetie,5,0
-M4NCeINm8i0fO1dJpbV,great,1,5
-M4NCeINm8i0fO1dJpbV,information,2,5
-M4NCeINm8i0fO1dJpbV,solutions,3,5
-M4NCeINm8i0fO1dJpbV,technologies,4,5
-M4NCeINm8i0fO1dJpbV,processes,5,2
-M4PU7s6fDvmB0Njhlf3,Great fact,1,-1
-M4PU7s6fDvmB0Njhlf3,important data,2,0
-M4PU7s6fDvmB0Njhlf3,Data blog,3,0
-M4PU7s6fDvmB0Njhlf3,PDF Page,4,0
-M4PU7s6fDvmB0Njhlf3,information,5,0
-M4Q-V4UIKaX5yHM4Rsg,innovación,1,5
-M4Q-V4UIKaX5yHM4Rsg,Management of many data,2,5
-M4Q-V4UIKaX5yHM4Rsg,information,3,5
-M4Q-V4UIKaX5yHM4Rsg,Low research costs,4,5
-M4Q-V4UIKaX5yHM4Rsg,Width of uses,5,5
-M4Q6TpnDmxgCSCoWP0G,information,1,0
-M4Q6TpnDmxgCSCoWP0G,data,2,-1
-M4Q6TpnDmxgCSCoWP0G,collection,3,0
-M4Q6TpnDmxgCSCoWP0G,amount,4,0
-M4Q6TpnDmxgCSCoWP0G,internet,5,0
-M4Q8Bl_ud6vYf339lER,information,1,3
-M4Q8Bl_ud6vYf339lER,social,2,5
-M4Q8Bl_ud6vYf339lER,internet,3,4
-M4Q8Bl_ud6vYf339lER,interaction,4,5
-M4Q8Bl_ud6vYf339lER,data,5,5
-M4QshkOdvab21p23HF-,data,1,2
-M4QshkOdvab21p23HF-,Computing,2,3
-M4QshkOdvab21p23HF-,companies,3,5
-M4QshkOdvab21p23HF-,memory,4,0
-M4QshkOdvab21p23HF-,networks,5,-1
-M4Rk4cOQHm7b0PDarQ-,about information,1,-5
-M4Rk4cOQHm7b0PDarQ-,information,2,4
-M4Rk4cOQHm7b0PDarQ-,virtual,3,-1
-M4Rk4cOQHm7b0PDarQ-,disconnected,4,-5
-M4Rk4cOQHm7b0PDarQ-,connected,5,3
-M4UJC5l12tA3E8TzHsO,Large databases,1,4
-M4UJC5l12tA3E8TzHsO,information management,2,4
-M4UJC5l12tA3E8TzHsO,work teams,3,3
-M4UJC5l12tA3E8TzHsO,Labor offer,4,4
-M4UJC5l12tA3E8TzHsO,Technical and disciplines,5,2
-M4Uabiv1313P9-nn070,great,1,-5
-M4Uabiv1313P9-nn070,information,2,5
-M4Uabiv1313P9-nn070,Great information,3,0
-M4Uabiv1313P9-nn070,data,4,2
-M4Uabiv1313P9-nn070,media,5,-1
-M4VqamiGawLCRXqbZfQ,process,1,5
-M4VqamiGawLCRXqbZfQ,analysis,2,5
-M4VqamiGawLCRXqbZfQ,estimates,3,5
-M4VqamiGawLCRXqbZfQ,surveillance,4,-5
-M4VqamiGawLCRXqbZfQ,developing,5,5
-M4X1PJ5I-WZklAzj7B-,information,1,2
-M4X1PJ5I-WZklAzj7B-,important,2,2
-M4X1PJ5I-WZklAzj7B-,aid,3,0
-M4X1PJ5I-WZklAzj7B-,variety,4,1
-M4X1PJ5I-WZklAzj7B-,consideration,5,2
-M4XHRyShBOXFftOIuLh,data,1,3
-M4XHRyShBOXFftOIuLh,software,2,4
-M4XHRyShBOXFftOIuLh,global,3,1
-M4XHRyShBOXFftOIuLh,analysis,4,3
-M4XHRyShBOXFftOIuLh,context,5,5
-M4ZxrqG2qNNfSO7MmwO,cloud,1,5
-M4ZxrqG2qNNfSO7MmwO,connectivity,2,5
-M4ZxrqG2qNNfSO7MmwO,developing,3,2
-M4ZxrqG2qNNfSO7MmwO,problems,4,-4
-M4ZxrqG2qNNfSO7MmwO,union,5,5
-M4_aDG7_KQD2W0eXLAP,a lot of information,1,2
-M4_aDG7_KQD2W0eXLAP,networks,2,3
-M4_aDG7_KQD2W0eXLAP,"Correos, spams",3,-5
-M4_aDG7_KQD2W0eXLAP,companies buy data,4,-5
-M4_aDG7_KQD2W0eXLAP,servers,5,0
-M4_ydo_7cPCZukHzWO4,set,1,0
-M4_ydo_7cPCZukHzWO4,information,2,1
-M4_ydo_7cPCZukHzWO4,lack of privacy,3,-3
-M4_ydo_7cPCZukHzWO4,marketing,4,-3
-M4_ydo_7cPCZukHzWO4,Internet god,5,-2
-M4_zs5FE37U3rhlgo-m,analysis,1,3
-M4_zs5FE37U3rhlgo-m,data,2,5
-M4_zs5FE37U3rhlgo-m,math,3,2
-M4_zs5FE37U3rhlgo-m,associations,4,3
-M4_zs5FE37U3rhlgo-m,prediction,5,4
-M4a1JVfdap7afYm1Ag2,knowledge,1,5
-M4a1JVfdap7afYm1Ag2,know,2,4
-M4a1JVfdap7afYm1Ag2,question,3,3
-M4a1JVfdap7afYm1Ag2,curiosity,4,4
-M4a1JVfdap7afYm1Ag2,grow up,5,2
-M4aDKg_r4yUO_JBbmmE,dates base,1,0
-M4aDKg_r4yUO_JBbmmE,information,2,0
-M4aDKg_r4yUO_JBbmmE,storage,3,0
-M4aDKg_r4yUO_JBbmmE,personal information,4,0
-M4aDKg_r4yUO_JBbmmE,indexing,5,0
-M4aHhBk8C92dEQocCWh,The great fact,1,-5
-M4aHhBk8C92dEQocCWh,massification,2,-5
-M4aHhBk8C92dEQocCWh,excess generalization,3,-5
-M4aHhBk8C92dEQocCWh,fashionable,4,-5
-M4aHhBk8C92dEQocCWh,hobby,5,5
-M52mHmaCqOfYTvTVFnU,information,1,4
-M52mHmaCqOfYTvTVFnU,important,2,4
-M52mHmaCqOfYTvTVFnU,Computing,3,0
-M52mHmaCqOfYTvTVFnU,data,4,3
-M52mHmaCqOfYTvTVFnU,Warning,5,2
-M534Jolbydy8wzpvDVr,Great data,1,5
-M534Jolbydy8wzpvDVr,Important news,2,5
-M534Jolbydy8wzpvDVr,knowledge,3,5
-M534Jolbydy8wzpvDVr,A header,4,0
-M534Jolbydy8wzpvDVr,A type of problematic,5,5
-M5Tl1lBApBD-BoX2J90,social networks,1,-3
-M5Tl1lBApBD-BoX2J90,google,2,3
-M5Tl1lBApBD-BoX2J90,Digitization,3,3
-M5Tl1lBApBD-BoX2J90,surveillance,4,-3
-M5Tl1lBApBD-BoX2J90,Cybercrime,5,-3
-M5Wgd914D78sKJY72vu,analysis,1,5
-M5Wgd914D78sKJY72vu,massive,2,3
-M5Wgd914D78sKJY72vu,personal information,3,3
-M5Wgd914D78sKJY72vu,interests,4,0
-M5Wgd914D78sKJY72vu,pleasures,5,0
-M5Z06LUW02EYo8a7VVy,Great information,1,-2
-M5Z06LUW02EYo8a7VVy,Web traffic,2,5
-M5Z06LUW02EYo8a7VVy,internet,3,1
-M5Z06LUW02EYo8a7VVy,privacy,4,-5
-M5Z06LUW02EYo8a7VVy,privacy,5,-5
-M5dfoSqs0IAPY1YICp1,information,1,2
-M5dfoSqs0IAPY1YICp1,intelligence,2,4
-M5dfoSqs0IAPY1YICp1,data,3,3
-M5dfoSqs0IAPY1YICp1,tools,4,2
-M5dfoSqs0IAPY1YICp1,technologies,5,3
-M5gxUE3YdFAVh2mywii,set,1,3
-M5gxUE3YdFAVh2mywii,data,2,3
-M5gxUE3YdFAVh2mywii,reference,3,3
-M5gxUE3YdFAVh2mywii,product,4,3
-M5gxUE3YdFAVh2mywii,sevicio,5,3
-M5jE-Z80QkdsSZtTKZy,prediccion,1,5
-M5jE-Z80QkdsSZtTKZy,segmentacion,2,0
-M5jE-Z80QkdsSZtTKZy,model,3,2
-M5jE-Z80QkdsSZtTKZy,artificial intelligence,4,2
-M5jE-Z80QkdsSZtTKZy,control,5,-2
-M5lI6XjDnLU0EUKD8Bx,big date,1,5
-M5lI6XjDnLU0EUKD8Bx,a lot of information,2,5
-M5lI6XjDnLU0EUKD8Bx,pdf,3,3
-M5lI6XjDnLU0EUKD8Bx,task,4,0
-M5lI6XjDnLU0EUKD8Bx,activities,5,0
-M5oJ8_0KMwGQGQ-pQCB,a lot of information,1,0
-M5oJ8_0KMwGQGQ-pQCB,computers,2,1
-M5oJ8_0KMwGQGQ-pQCB,Data storage,3,5
-M5oJ8_0KMwGQGQ-pQCB,Heavy files,4,1
-M5oJ8_0KMwGQGQ-pQCB,internet,5,5
-M5tUgJTRTuAWG6gAvX7,much,1,3
-M5tUgJTRTuAWG6gAvX7,given,2,3
-M5tUgJTRTuAWG6gAvX7,stored,3,3
-M5tUgJTRTuAWG6gAvX7,statistics,4,3
-M5tUgJTRTuAWG6gAvX7,resolution,5,3
-M5wGqkAWJAwwvxBy89o,aspirational,1,-2
-M5wGqkAWJAwwvxBy89o,technology,2,1
-M5wGqkAWJAwwvxBy89o,tool,3,3
-M5wGqkAWJAwwvxBy89o,false expectations,4,-3
-M5wGqkAWJAwwvxBy89o,complex,5,2
-M5wX1AfmIiskq2EUOrI,Recipient profile,1,-2
-M5wX1AfmIiskq2EUOrI,Ineresses,2,0
-M5wX1AfmIiskq2EUOrI,consumption,3,-4
-M5wX1AfmIiskq2EUOrI,Audience segmentation,4,0
-M5wX1AfmIiskq2EUOrI,Population control,5,-4
-M5ynXsyhPg2CFxcBgpz,laboratory,1,5
-M5ynXsyhPg2CFxcBgpz,poll,2,5
-M5ynXsyhPg2CFxcBgpz,surveys,3,1
-M5ynXsyhPg2CFxcBgpz,massive,4,-3
-M5ynXsyhPg2CFxcBgpz,situating,5,1
-M74J5gezg3O9ja87NNc,data,1,3
-M74J5gezg3O9ja87NNc,digital,2,4
-M74J5gezg3O9ja87NNc,trade,3,2
-M74J5gezg3O9ja87NNc,innovación,4,3
-M74J5gezg3O9ja87NNc,networks,5,3
-M74Tcj272dAK7B25mYP,data,1,0
-M74Tcj272dAK7B25mYP,large amount,2,0
-M74Tcj272dAK7B25mYP,speed,3,0
-M74Tcj272dAK7B25mYP,present,4,0
-M74Tcj272dAK7B25mYP,information,5,0
-M79mxE5pkUdnJTg9Wfe,analysis,1,5
-M79mxE5pkUdnJTg9Wfe,insights,2,5
-M79mxE5pkUdnJTg9Wfe,actuate,3,5
-M79mxE5pkUdnJTg9Wfe,control,4,4
-M79mxE5pkUdnJTg9Wfe,information,5,5
-M7C2RsadFTrnlndpz_L,cloud,1,0
-M7C2RsadFTrnlndpz_L,words,2,0
-M7C2RsadFTrnlndpz_L,nodes,3,0
-M7C2RsadFTrnlndpz_L,points,4,0
-M7C2RsadFTrnlndpz_L,ecosystem,5,0
-M7JmPhXypDTXgnQzG7R,accessibility,1,5
-M7JmPhXypDTXgnQzG7R,information,2,5
-M7JmPhXypDTXgnQzG7R,comfort,3,5
-M7JmPhXypDTXgnQzG7R,red,4,5
-M7JmPhXypDTXgnQzG7R,reliability,5,5
-M7L0sptMAxfR-8H1f__,research,1,5
-M7L0sptMAxfR-8H1f__,Marketplace,2,-2
-M7L0sptMAxfR-8H1f__,information,3,-1
-M7L0sptMAxfR-8H1f__,News,4,-1
-M7L0sptMAxfR-8H1f__,data,5,-2
-M7M9SpfDAyFtitageb8,great,1,0
-M7M9SpfDAyFtitageb8,information,2,3
-M7M9SpfDAyFtitageb8,given,3,0
-M7M9SpfDAyFtitageb8,accugrejidad,4,3
-M7M9SpfDAyFtitageb8,too,5,-3
-M7OrYtgcZdg9EkhavZW,a lot of information,1,0
-M7OrYtgcZdg9EkhavZW,dates base,2,5
-M7OrYtgcZdg9EkhavZW,search,3,5
-M7OrYtgcZdg9EkhavZW,Information sharing,4,5
-M7OrYtgcZdg9EkhavZW,public information,5,0
-M7TkcZIegd82PnnRIbp,information,1,-1
-M7TkcZIegd82PnnRIbp,handling,2,5
-M7TkcZIegd82PnnRIbp,espionage,3,5
-M7TkcZIegd82PnnRIbp,control,4,5
-M7TkcZIegd82PnnRIbp,Surveys,5,-5
-M7VWRKRJ9RDIsukwiM5,data,1,-5
-M7VWRKRJ9RDIsukwiM5,control,2,-5
-M7VWRKRJ9RDIsukwiM5,predictive,3,-5
-M7VWRKRJ9RDIsukwiM5,action,4,-5
-M7VWRKRJ9RDIsukwiM5,RESTING,5,-5
-M7_aGS7jBQHsugFYefA,Great data,1,-1
-M7_aGS7jBQHsugFYefA,a lot of information,2,-2
-M7_aGS7jBQHsugFYefA,disinformation,3,-4
-M7_aGS7jBQHsugFYefA,plurality,4,3
-M7_aGS7jBQHsugFYefA,ferdatos,5,-2
-M7efCTT-6V9kSTDrLru,great,1,0
-M7efCTT-6V9kSTDrLru,data,2,1
-M7efCTT-6V9kSTDrLru,information,3,2
-M7efCTT-6V9kSTDrLru,evolution,4,5
-M7efCTT-6V9kSTDrLru,technology,5,1
-M7f8IVYgt494Mu5npHC,Data conglomerate,1,5
-M7f8IVYgt494Mu5npHC,knowledge,2,5
-M7f8IVYgt494Mu5npHC,linear regression,3,5
-M7f8IVYgt494Mu5npHC,prediccion,4,5
-M7f8IVYgt494Mu5npHC,future,5,5
-M7fK3INqAfoTPSc2Xf9,data,1,5
-M7fK3INqAfoTPSc2Xf9,information,2,5
-M7fK3INqAfoTPSc2Xf9,networks,3,5
-M7fK3INqAfoTPSc2Xf9,internet,4,5
-M7fK3INqAfoTPSc2Xf9,informatica,5,5
-M7i1NYVISNV88VCzm0M,technology,1,5
-M7i1NYVISNV88VCzm0M,information,2,5
-M7i1NYVISNV88VCzm0M,networks,3,5
-M7i1NYVISNV88VCzm0M,knowledge,4,5
-M7i1NYVISNV88VCzm0M,privacy,5,-5
-M7iRMbYszd2USiZADYg,collection,1,0
-M7iRMbYszd2USiZADYg,data,2,0
-M7iRMbYszd2USiZADYg,Systematization,3,0
-M7iRMbYszd2USiZADYg,analysis,4,0
-M7iRMbYszd2USiZADYg,response,5,0
-M7uTFrfzCmWBtGFMvR7,information,1,5
-M7uTFrfzCmWBtGFMvR7,flow,2,5
-M7uTFrfzCmWBtGFMvR7,internet,3,2
-M7uTFrfzCmWBtGFMvR7,technology,4,3
-M7uTFrfzCmWBtGFMvR7,interconnection,5,5
-M84vUtyVPBKpnBOwmfj,Great data.,1,-1
-M84vUtyVPBKpnBOwmfj,technology,2,0
-M84vUtyVPBKpnBOwmfj,internet,3,0
-M84vUtyVPBKpnBOwmfj,social networks,4,1
-M84vUtyVPBKpnBOwmfj,technology,5,0
-M8k5rFgbZkuld-qoXl4,volume of data,1,5
-M8k5rFgbZkuld-qoXl4,analysis,2,5
-M8k5rFgbZkuld-qoXl4,Patterns,3,5
-M8k5rFgbZkuld-qoXl4,decisions,4,5
-M8k5rFgbZkuld-qoXl4,strategies,5,5
-M8kBykCTrGkUL_AVXdS,dates base,1,5
-M8kBykCTrGkUL_AVXdS,management,2,4
-M8kBykCTrGkUL_AVXdS,computerize,3,4
-M8kBykCTrGkUL_AVXdS,globalization,4,-1
-M8kBykCTrGkUL_AVXdS,unification,5,0
-M8kNBsVW19H-qJq3aJ6,technology,1,5
-M8kNBsVW19H-qJq3aJ6,superficial,2,5
-M8kNBsVW19H-qJq3aJ6,numbers,3,2
-M8kNBsVW19H-qJq3aJ6,order,4,2
-M8kNBsVW19H-qJq3aJ6,records,5,2
-M8ko1pc4ZScEYkz2fh0,data,1,5
-M8ko1pc4ZScEYkz2fh0,large amount,2,5
-M8ko1pc4ZScEYkz2fh0,information,3,5
-M8ko1pc4ZScEYkz2fh0,procesaniento,4,5
-M8ko1pc4ZScEYkz2fh0,Masivity,5,5
-M8l7u2AWWzRvXeLN0Wq,A great fact,1,5
-M8l7u2AWWzRvXeLN0Wq,Large data,2,5
-M8l7u2AWWzRvXeLN0Wq,important information,3,0
-M8l7u2AWWzRvXeLN0Wq,something big,4,3
-M8l7u2AWWzRvXeLN0Wq,important information,5,0
-M8lA1JN4l55IBlqjeno,technology,1,4
-M8lA1JN4l55IBlqjeno,Virtual data,2,3
-M8lA1JN4l55IBlqjeno,software,3,5
-M8lA1JN4l55IBlqjeno,storage,4,5
-M8lA1JN4l55IBlqjeno,internet,5,4
-M8lAlX1ZPLv1tOUPX0e,Sale of information,1,-5
-M8lAlX1ZPLv1tOUPX0e,Campaña Politics,2,-5
-M8lAlX1ZPLv1tOUPX0e,personal information,3,-5
-M8lAlX1ZPLv1tOUPX0e,chance,4,2
-M8lAlX1ZPLv1tOUPX0e,improve communication,5,5
-M8nDZE8TE8OHGsDLzvt,control,1,-5
-M8nDZE8TE8OHGsDLzvt,pleasures,2,0
-M8nDZE8TE8OHGsDLzvt,freedom,3,-5
-M8nDZE8TE8OHGsDLzvt,limit,4,-5
-M8nDZE8TE8OHGsDLzvt,privacy,5,-5
-M8nFwolbjBkFTBnODuI,data,1,2
-M8nFwolbjBkFTBnODuI,journalism,2,2
-M8nFwolbjBkFTBnODuI,facebook,3,-3
-M8nFwolbjBkFTBnODuI,cambridge,4,-3
-M8nFwolbjBkFTBnODuI,Infographic,5,4
-M8nouvktrBFAh_xp5jW,monopolize,1,-5
-M8nouvktrBFAh_xp5jW,causalities,2,0
-M8nouvktrBFAh_xp5jW,pollution,3,-5
-M8nouvktrBFAh_xp5jW,handling,4,-5
-M8nouvktrBFAh_xp5jW,overinformación,5,-5
-M8owv7xeIZCb16ac6nJ,future,1,0
-M8owv7xeIZCb16ac6nJ,cybernetics,2,-1
-M8owv7xeIZCb16ac6nJ,data,3,-3
-M8owv7xeIZCb16ac6nJ,hackers,4,-4
-M8owv7xeIZCb16ac6nJ,research,5,5
-M8qFzQdpFuSbW0Ab5fn,Great data,1,-2
-M8qFzQdpFuSbW0Ab5fn,fast decision -making,2,3
-M8qFzQdpFuSbW0Ab5fn,Volatile data,3,-2
-M8qFzQdpFuSbW0Ab5fn,Lack of standards,4,-3
-M8qFzQdpFuSbW0Ab5fn,Data organization,5,3
-M8qx2dG5u1DKpQZVpt2,a contained sphere of data and information,1,5
-M8qx2dG5u1DKpQZVpt2,long network structures,2,1
-M8qx2dG5u1DKpQZVpt2,Large amounts of bits,3,4
-M8qx2dG5u1DKpQZVpt2,Great data,4,1
-M8qx2dG5u1DKpQZVpt2,algorithms,5,3
-M8rSeoE-hu3qI41cOIt,information,1,5
-M8rSeoE-hu3qI41cOIt,privacy,2,-3
-M8rSeoE-hu3qI41cOIt,dates base,3,0
-M8rSeoE-hu3qI41cOIt,data processing,4,1
-M8rSeoE-hu3qI41cOIt,Sales and Marketing,5,-4
-M8rxkI-JcGFnIFESa-m,information,1,0
-M8rxkI-JcGFnIFESa-m,surveillance,2,-5
-M8rxkI-JcGFnIFESa-m,money,3,-3
-M8rxkI-JcGFnIFESa-m,government,4,-5
-M8rxkI-JcGFnIFESa-m,aid,5,5
-M8uHmwbICaHfKm1bDuG,computers,1,4
-M8uHmwbICaHfKm1bDuG,Companies,2,-2
-M8uHmwbICaHfKm1bDuG,business,3,-2
-M8uHmwbICaHfKm1bDuG,silicon valley,4,-2
-M8uHmwbICaHfKm1bDuG,ProgramCión,5,3
-M8uZIh7v0kN8doX-Ocn,espionage,1,-4
-M8uZIh7v0kN8doX-Ocn,information,2,3
-M8uZIh7v0kN8doX-Ocn,elections,3,-1
-M8uZIh7v0kN8doX-Ocn,No privacy,4,-4
-M8uZIh7v0kN8doX-Ocn,advertising,5,-1
-M8xLm6N6StAel-mAbJM,information,1,2
-M8xLm6N6StAel-mAbJM,numbers,2,0
-M8xLm6N6StAel-mAbJM,math,3,3
-M8xLm6N6StAel-mAbJM,worked,4,2
-M8xLm6N6StAel-mAbJM,future,5,2
-M8zLQqtQIyhASnI4gXi,a lot of information,1,5
-M8zLQqtQIyhASnI4gXi,Privacy advertising,2,-5
-M8zLQqtQIyhASnI4gXi,posibilities,3,3
-M8zLQqtQIyhASnI4gXi,misuse,4,-5
-M8zLQqtQIyhASnI4gXi,corruption,5,-5
-M9-NSakIfzM-p_HRKLV,statistics,1,5
-M9-NSakIfzM-p_HRKLV,graphics,2,3
-M9-NSakIfzM-p_HRKLV,databases,3,4
-M9-NSakIfzM-p_HRKLV,sales,4,-3
-M9-NSakIfzM-p_HRKLV,analysis,5,0
-M9-ZJ7-HIQPqdpA_QXp,information,1,2
-M9-ZJ7-HIQPqdpA_QXp,acousse,2,3
-M9-ZJ7-HIQPqdpA_QXp,prosecution,3,2
-M9-ZJ7-HIQPqdpA_QXp,speed,4,3
-M9-ZJ7-HIQPqdpA_QXp,analysis,5,2
-M9-hKCsT3NadlNn5y5i,facebook,1,-5
-M9-hKCsT3NadlNn5y5i,control,2,-5
-M9-hKCsT3NadlNn5y5i,profile,3,0
-M9-hKCsT3NadlNn5y5i,numbers,4,5
-M9-hKCsT3NadlNn5y5i,influence,5,-5
-M9-pqiKL__J2MzXid2J,Company Digital,1,3
-M9-pqiKL__J2MzXid2J,Virtual currency,2,3
-M9-pqiKL__J2MzXid2J,control,3,-5
-M9-pqiKL__J2MzXid2J,lack of privacy,4,-5
-M9-pqiKL__J2MzXid2J,handling,5,-5
-M9-q4CdzKmkxwjQ27Ro,information,1,0
-M9-q4CdzKmkxwjQ27Ro,technology,2,0
-M9-q4CdzKmkxwjQ27Ro,policy,3,0
-M9-q4CdzKmkxwjQ27Ro,communication,4,0
-M9-q4CdzKmkxwjQ27Ro,ns,5,0
-M906J5AoaweaWRDWMCp,massive,1,0
-M906J5AoaweaWRDWMCp,technology,2,0
-M906J5AoaweaWRDWMCp,storage,3,0
-M906J5AoaweaWRDWMCp,data,4,0
-M906J5AoaweaWRDWMCp,analysis,5,0
-M90EETwVmcgHX08Syvd,huge data,1,5
-M90EETwVmcgHX08Syvd,complexity,2,5
-M90EETwVmcgHX08Syvd,high volume,3,0
-M90EETwVmcgHX08Syvd,information,4,5
-M90EETwVmcgHX08Syvd,analysis,5,5
-M90EETwVmcgHX08Syvd,consumidored,6,5
-M9153SL_gfvUEwZ_DEw,macrodatos,1,0
-M9153SL_gfvUEwZ_DEw,oracle,2,0
-M9153SL_gfvUEwZ_DEw,casinos,3,0
-M9153SL_gfvUEwZ_DEw,government,4,-5
-M9153SL_gfvUEwZ_DEw,war,5,-5
-M915jTNhtuxZTBqd2CD,cell phone (whatsapp),1,-2
-M915jTNhtuxZTBqd2CD,computer,2,-1
-M915jTNhtuxZTBqd2CD,overinformación,3,-5
-M915jTNhtuxZTBqd2CD,absence of intimacy,4,-5
-M915jTNhtuxZTBqd2CD,hourly overexigencies,5,-5
-M91oUSnjYz4Xd9pfYli,information,1,2
-M91oUSnjYz4Xd9pfYli,espionage,2,-5
-M91oUSnjYz4Xd9pfYli,handling,3,-4
-M91oUSnjYz4Xd9pfYli,private life,4,-3
-M91oUSnjYz4Xd9pfYli,elections,5,-3
-M91xRujFlrevhyoAqN3,internet,1,3
-M91xRujFlrevhyoAqN3,Access inequality,2,-5
-M91xRujFlrevhyoAqN3,information,3,0
-M91xRujFlrevhyoAqN3,companies,4,0
-M91xRujFlrevhyoAqN3,social networks,5,2
-M93Ik8w6W_dCmG6nshr,many data,1,5
-M93Ik8w6W_dCmG6nshr,a lot of information,2,2
-M93Ik8w6W_dCmG6nshr,corruption,3,-4
-M93Ik8w6W_dCmG6nshr,management,4,0
-M93Ik8w6W_dCmG6nshr,progress,5,0
-M944wYW91C0jem2qwdT,espionage,1,-5
-M944wYW91C0jem2qwdT,marketing,2,0
-M944wYW91C0jem2qwdT,companies,3,1
-M944wYW91C0jem2qwdT,facebook,4,-2
-M944wYW91C0jem2qwdT,social networks,5,0
-M94gBLGjCsunFmrUSu_,data,1,5
-M94gBLGjCsunFmrUSu_,control,2,-2
-M94gBLGjCsunFmrUSu_,trends,3,3
-M94gBLGjCsunFmrUSu_,and commerce,4,2
-M94gBLGjCsunFmrUSu_,advertising,5,0
-M9597kmiUK74myqKh2P,cloud,1,1
-M9597kmiUK74myqKh2P,computer,2,0
-M9597kmiUK74myqKh2P,google,3,-1
-M9597kmiUK74myqKh2P,facebook,4,-2
-M9597kmiUK74myqKh2P,privacy,5,0
-M95DFBWagwPFiqQwIPO,data,1,1
-M95DFBWagwPFiqQwIPO,information,2,2
-M95DFBWagwPFiqQwIPO,informatica,3,2
-M95DFBWagwPFiqQwIPO,COMPUTS,4,2
-M95DFBWagwPFiqQwIPO,great,5,-1
-M95Rwwbri8WrXLxj5XF,technology,1,5
-M95Rwwbri8WrXLxj5XF,util,2,5
-M95Rwwbri8WrXLxj5XF,dangerous,3,-5
-M95Rwwbri8WrXLxj5XF,hard to understand,4,0
-M95Rwwbri8WrXLxj5XF,consumerism,5,0
-M96-5sjAB1L3BiIOha5,digital,1,1
-M96-5sjAB1L3BiIOha5,web,2,2
-M96-5sjAB1L3BiIOha5,transmit,3,2
-M96-5sjAB1L3BiIOha5,virtual,4,0
-M96-5sjAB1L3BiIOha5,systems,5,0
-M96R3K8rJ6iQmSyJ3IM,information,1,0
-M96R3K8rJ6iQmSyJ3IM,gain,2,-3
-M96R3K8rJ6iQmSyJ3IM,statistics,3,-2
-M96R3K8rJ6iQmSyJ3IM,interests,4,-3
-M96R3K8rJ6iQmSyJ3IM,eternity,5,0
-M973eBgFPcjKRLX_3BM,statistics,1,5
-M973eBgFPcjKRLX_3BM,research,2,3
-M973eBgFPcjKRLX_3BM,data,3,3
-M973eBgFPcjKRLX_3BM,Computing,4,3
-M973eBgFPcjKRLX_3BM,information,5,3
-M98y38g85yB4Vi094kx,technology,1,2
-M98y38g85yB4Vi094kx,programming,2,3
-M98y38g85yB4Vi094kx,.,3,0
-M98y38g85yB4Vi094kx,.,4,0
-M98y38g85yB4Vi094kx,.,5,0
-M99R_PVrFtM5vlQXWdl,Data data,1,5
-M99R_PVrFtM5vlQXWdl,Data crossing,2,3
-M99R_PVrFtM5vlQXWdl,Machine learning,3,3
-M99R_PVrFtM5vlQXWdl,Centralization of data,4,-3
-M99R_PVrFtM5vlQXWdl,possibility of making dats available public,5,5
-M99nDRmo0UF6UF8Az3a,virtual platform,1,5
-M99nDRmo0UF6UF8Az3a,simulator,2,5
-M99nDRmo0UF6UF8Az3a,artificial intelligence,3,3
-M99nDRmo0UF6UF8Az3a,red social,4,3
-M99nDRmo0UF6UF8Az3a,Software/ Operating System,5,5
-M9A4D1YZmmvtUkeHsFJ,Data storage,1,5
-M9A4D1YZmmvtUkeHsFJ,Great data management,2,5
-M9A4D1YZmmvtUkeHsFJ,records,3,5
-M9A4D1YZmmvtUkeHsFJ,security,4,5
-M9A4D1YZmmvtUkeHsFJ,great,5,5
-M9B5kjwS61OsoEKoOxO,information,1,5
-M9B5kjwS61OsoEKoOxO,large amount of data,2,5
-M9B5kjwS61OsoEKoOxO,data,3,5
-M9B5kjwS61OsoEKoOxO,cloud,4,5
-M9B5kjwS61OsoEKoOxO,Habits of people,5,5
-M9BIymT2ozqK0F_HAyd,information,1,5
-M9BIymT2ozqK0F_HAyd,util,2,5
-M9BIymT2ozqK0F_HAyd,updates,3,5
-M9BIymT2ozqK0F_HAyd,trustworthy,4,5
-M9BIymT2ozqK0F_HAyd,leal,5,5
-M9CYlNcyNBvC5Z2_fcn,great,1,3
-M9CYlNcyNBvC5Z2_fcn,large,2,3
-M9CYlNcyNBvC5Z2_fcn,on line,3,3
-M9CYlNcyNBvC5Z2_fcn,information,4,2
-M9CYlNcyNBvC5Z2_fcn,acousse,5,0
-M9E8gmxN_yG_ULCW0S0,information,1,4
-M9E8gmxN_yG_ULCW0S0,exhibition,2,-4
-M9E8gmxN_yG_ULCW0S0,personalization,3,2
-M9E8gmxN_yG_ULCW0S0,speculation,4,-4
-M9E8gmxN_yG_ULCW0S0,Customización,5,3
-M9FJc5oq3wkoSf3tMeR,Great data,1,5
-M9FJc5oq3wkoSf3tMeR,Computing,2,5
-M9FJc5oq3wkoSf3tMeR,networks,3,5
-M9FJc5oq3wkoSf3tMeR,storage,4,5
-M9FJc5oq3wkoSf3tMeR,information,5,5
-M9FiEZdj-cr7fnwPpsC,information,1,5
-M9FiEZdj-cr7fnwPpsC,complexity,2,0
-M9FiEZdj-cr7fnwPpsC,prosecution,3,5
-M9FiEZdj-cr7fnwPpsC,criteria,4,5
-M9FiEZdj-cr7fnwPpsC,analysis,5,5
-M9GBxdGZWSrDeKo1rQ9,information,1,2
-M9GBxdGZWSrDeKo1rQ9,internet,2,2
-M9GBxdGZWSrDeKo1rQ9,data,3,-1
-M9GBxdGZWSrDeKo1rQ9,much,4,0
-M9GBxdGZWSrDeKo1rQ9,amount,5,0
-M9IVj2bLFYgLX54AGya,information,1,5
-M9IVj2bLFYgLX54AGya,abundant,2,5
-M9IVj2bLFYgLX54AGya,algorithms,3,0
-M9IVj2bLFYgLX54AGya,public opinion,4,0
-M9IVj2bLFYgLX54AGya,consumption,5,0
-M9J2S7bG1MLAXg9zZ5L,information,1,5
-M9J2S7bG1MLAXg9zZ5L,driving,2,0
-M9J2S7bG1MLAXg9zZ5L,evolution,3,5
-M9J2S7bG1MLAXg9zZ5L,Marketplace,4,0
-M9J2S7bG1MLAXg9zZ5L,competition,5,-5
-M9JITBzSs6evKE5hC-l,much,1,-3
-M9JITBzSs6evKE5hC-l,great,2,-3
-M9JITBzSs6evKE5hC-l,important,3,5
-M9JITBzSs6evKE5hC-l,file,4,4
-M9JITBzSs6evKE5hC-l,concentration,5,5
-M9JL3Zf1JSkgVqeYSGH,data analytics,1,5
-M9JL3Zf1JSkgVqeYSGH,information,2,5
-M9JL3Zf1JSkgVqeYSGH,data mining,3,5
-M9JL3Zf1JSkgVqeYSGH,statistic analysis,4,5
-M9JL3Zf1JSkgVqeYSGH,machine learning,5,5
-M9JN7xfG3zaAyG6fJB1,internet,1,5
-M9JN7xfG3zaAyG6fJB1,Website Pages,2,4
-M9JN7xfG3zaAyG6fJB1,collaborative work,3,5
-M9JN7xfG3zaAyG6fJB1,plagiarism,4,-5
-M9JN7xfG3zaAyG6fJB1,SOURCE ANALYSIS,5,0
-M9JN7xfG3zaAyG6fJB1,research,6,4
-M9JN7xfG3zaAyG6fJB1,Digital Gap,7,-4
-M9JN7xfG3zaAyG6fJB1,cell,8,0
-M9JN7xfG3zaAyG6fJB1,Applications,9,0
-M9JN7xfG3zaAyG6fJB1,digital skills,10,5
-M9JN7xfG3zaAyG6fJB1,space time,11,3
-M9JN7xfG3zaAyG6fJB1,form,12,5
-M9JN7xfG3zaAyG6fJB1,facebook,13,0
-M9JN7xfG3zaAyG6fJB1,instagram,14,-3
-M9Jhtr7PZhf8u657mwP,information,1,2
-M9Jhtr7PZhf8u657mwP,control,2,-4
-M9Jhtr7PZhf8u657mwP,research,3,2
-M9Jhtr7PZhf8u657mwP,corporación,4,1
-M9Jhtr7PZhf8u657mwP,state,5,-3
-M9KGZz9Ev3Fw9pESmV8,hacker,1,0
-M9KGZz9Ev3Fw9pESmV8,internet,2,5
-M9KGZz9Ev3Fw9pESmV8,dates base,3,1
-M9KGZz9Ev3Fw9pESmV8,information,4,2
-M9KGZz9Ev3Fw9pESmV8,millennium,5,0
-M9KnSQurkRx9MBn0NG-,marketing,1,-3
-M9KnSQurkRx9MBn0NG-,programming,2,3
-M9KnSQurkRx9MBn0NG-,knowledge,3,4
-M9KnSQurkRx9MBn0NG-,decisions,4,3
-M9KnSQurkRx9MBn0NG-,information,5,2
-M9O3ozw7PmJkiRsQReK,research,1,5
-M9O3ozw7PmJkiRsQReK,analysis,2,5
-M9O3ozw7PmJkiRsQReK,marketing,3,-2
-M9O3ozw7PmJkiRsQReK,tracing,4,-1
-M9O3ozw7PmJkiRsQReK,storage,5,0
-M9OIV5nFgFaAEEzkr-f,can,1,1
-M9OIV5nFgFaAEEzkr-f,policies,2,2
-M9OIV5nFgFaAEEzkr-f,potential,3,5
-M9OIV5nFgFaAEEzkr-f,information,4,0
-M9OIV5nFgFaAEEzkr-f,invasive,5,5
-M9OMfjG-MEX7PZ7FKPZ,numbers,1,0
-M9OMfjG-MEX7PZ7FKPZ,information,2,1
-M9OMfjG-MEX7PZ7FKPZ,research,3,2
-M9OMfjG-MEX7PZ7FKPZ,statistics,4,0
-M9OMfjG-MEX7PZ7FKPZ,peoyecion,5,0
-M9P8cEyiTKn1oVHRZgj,answers,1,5
-M9P8cEyiTKn1oVHRZgj,information,2,5
-M9P8cEyiTKn1oVHRZgj,Great data volume,3,5
-M9P8cEyiTKn1oVHRZgj,technology,4,5
-M9P8cEyiTKn1oVHRZgj,vulnerable,5,-3
-M9PCFIA2SK6NYpI1YqT,can,1,-5
-M9PCFIA2SK6NYpI1YqT,information,2,-2
-M9PCFIA2SK6NYpI1YqT,control,3,-5
-M9PCFIA2SK6NYpI1YqT,system,4,-2
-M9PCFIA2SK6NYpI1YqT,money,5,-3
-M9QE6KTmEE9p-e3QXHC,Generate information,1,5
-M9QE6KTmEE9p-e3QXHC,Data analysis,2,5
-M9QE6KTmEE9p-e3QXHC,Decision based on information,3,5
-M9QE6KTmEE9p-e3QXHC,efficiency,4,5
-M9QE6KTmEE9p-e3QXHC,planning,5,5
-M9QE6KTmEE9p-e3QXHC,Reduction costs,6,5
-M9Qf1k4_L4Yd01_Y4ai,large amount of content,1,5
-M9Qf1k4_L4Yd01_Y4ai,information,2,5
-M9Qf1k4_L4Yd01_Y4ai,storage,3,5
-M9Qf1k4_L4Yd01_Y4ai,ability,4,5
-M9Qf1k4_L4Yd01_Y4ai,technology,5,5
-M9RK7oRmnhZsy280u5Y,technology,1,5
-M9RK7oRmnhZsy280u5Y,innovation,2,5
-M9RK7oRmnhZsy280u5Y,Data system,3,0
-M9RK7oRmnhZsy280u5Y,speed,4,5
-M9RK7oRmnhZsy280u5Y,effectiveness,5,5
-M9S0lo0Ll60FI_v1roX,great,1,2
-M9S0lo0Ll60FI_v1roX,valued,2,-1
-M9S0lo0Ll60FI_v1roX,important,3,2
-M9S0lo0Ll60FI_v1roX,difficult,4,-2
-M9S0lo0Ll60FI_v1roX,I did not understand,5,0
-M9UPWfhWsEnHbOgssvH,software,1,5
-M9UPWfhWsEnHbOgssvH,hardware,2,4
-M9UPWfhWsEnHbOgssvH,platforms,3,4
-M9UPWfhWsEnHbOgssvH,internet,4,4
-M9UPWfhWsEnHbOgssvH,dates base,5,3
-M9UnyBP_fIDBDCXAT29,information,1,3
-M9UnyBP_fIDBDCXAT29,global,2,3
-M9UnyBP_fIDBDCXAT29,"File, Archive",3,2
-M9UnyBP_fIDBDCXAT29,communication,4,3
-M9UnyBP_fIDBDCXAT29,Connection,5,0
-M9VnOxy1vMHrL8Gzyhz,computers,1,1
-M9VnOxy1vMHrL8Gzyhz,a lot of,2,-2
-M9VnOxy1vMHrL8Gzyhz,disorder,3,-4
-M9VnOxy1vMHrL8Gzyhz,technologies,4,3
-M9VnOxy1vMHrL8Gzyhz,classification,5,2
-M9Vq68asFdI-Ys_aRyj,large amount of data,1,3
-M9Vq68asFdI-Ys_aRyj,Water forecast,2,4
-M9Vq68asFdI-Ys_aRyj,danger in the use of this data,3,-4
-M9Vq68asFdI-Ys_aRyj,Handling for political purposes,4,-4
-M9Vq68asFdI-Ys_aRyj,lack of privacy,5,-5
-M9Vq68asFdI-Ys_aRyj,Sale of data without consent,6,-3
-M9Vq68asFdI-Ys_aRyj,Erroneous social categorizations without gray,7,-4
-M9WGG4v9N1cvwC3ThsY,analysis of data,1,3
-M9WGG4v9N1cvwC3ThsY,Data volume,2,-2
-M9WGG4v9N1cvwC3ThsY,Data trade,3,0
-M9WGG4v9N1cvwC3ThsY,Digitization,4,2
-M9WGG4v9N1cvwC3ThsY,structure,5,0
-M9WGd1GBwvXyXkw7B-b,information,1,1
-M9WGd1GBwvXyXkw7B-b,interests,2,2
-M9WGd1GBwvXyXkw7B-b,Habits,3,2
-M9WGd1GBwvXyXkw7B-b,consumption,4,2
-M9WGd1GBwvXyXkw7B-b,tic's,5,0
-M9WNG8Up41wap7orj47,information,1,5
-M9WNG8Up41wap7orj47,much,2,5
-M9WNG8Up41wap7orj47,English,3,5
-M9WNG8Up41wap7orj47,advertising,4,0
-M9WNG8Up41wap7orj47,study,5,5
-M9WNOC5QR71VdppPym7,data,1,0
-M9WNOC5QR71VdppPym7,metrics,2,0
-M9WNOC5QR71VdppPym7,complexity,3,-2
-M9WNOC5QR71VdppPym7,amount,4,-1
-M9WNOC5QR71VdppPym7,categorization,5,0
-M9WO4jDYdki02VpANnC,personal information,1,-5
-M9WO4jDYdki02VpANnC,espionage,2,-5
-M9WO4jDYdki02VpANnC,Marketplace,3,-5
-M9WO4jDYdki02VpANnC,Management of social relationships,4,-5
-M9WO4jDYdki02VpANnC,world order,5,-5
-M9WOiBb4U5IXdnqiGB8,data,1,2
-M9WOiBb4U5IXdnqiGB8,statistics,2,2
-M9WOiBb4U5IXdnqiGB8,gets better,3,2
-M9WOiBb4U5IXdnqiGB8,control,4,2
-M9WOiBb4U5IXdnqiGB8,evaluation,5,2
-M9WeXwoKiVw3aRAG9_O,posibilities,1,0
-M9WeXwoKiVw3aRAG9_O,camdbridge analitycs,2,-5
-M9WeXwoKiVw3aRAG9_O,Macri campaigns,3,-5
-M9WeXwoKiVw3aRAG9_O,Monsanto genetics and patents,4,-5
-M9WeXwoKiVw3aRAG9_O,Psychopolitical war,5,-5
-M9WeXwoKiVw3aRAG9_O,4th generation human rights,6,5
-M9YPEZQ-ttuxXhJGs5f,hypermediations,1,0
-M9YPEZQ-ttuxXhJGs5f,digital culture,2,5
-M9YPEZQ-ttuxXhJGs5f,schoolchild (author),3,5
-M9YPEZQ-ttuxXhJGs5f,technology,4,5
-M9YPEZQ-ttuxXhJGs5f,communication,5,5
-M9Z64DJaMWx8MaHNt6y,many data,1,1
-M9Z64DJaMWx8MaHNt6y,complex,2,-1
-M9Z64DJaMWx8MaHNt6y,analysis,3,1
-M9Z64DJaMWx8MaHNt6y,volume,4,1
-M9Z64DJaMWx8MaHNt6y,information,5,2
-M9Zd4cdayURTwJGZqiZ,information,1,4
-M9Zd4cdayURTwJGZqiZ,organization,2,4
-M9Zd4cdayURTwJGZqiZ,control,3,-3
-M9Zd4cdayURTwJGZqiZ,Denter,4,-5
-M9Zd4cdayURTwJGZqiZ,acousse,5,0
-M9ZnyLUhv93_A51aj9v,data,1,3
-M9ZnyLUhv93_A51aj9v,difficult,2,-4
-M9ZnyLUhv93_A51aj9v,computing,3,4
-M9ZnyLUhv93_A51aj9v,ProgramCión,4,3
-M9ZnyLUhv93_A51aj9v,complex,5,-4
-M9_-uaDD0pyk4gmPDbe,heavy,1,-3
-M9_-uaDD0pyk4gmPDbe,traffic,2,0
-M9_-uaDD0pyk4gmPDbe,data,3,2
-M9_-uaDD0pyk4gmPDbe,hardware,4,0
-M9_-uaDD0pyk4gmPDbe,internet,5,2
-M9aPYmq3AHQO7p_IPEO,statistics,1,2
-M9aPYmq3AHQO7p_IPEO,information,2,-1
-M9aPYmq3AHQO7p_IPEO,privacy,3,-2
-M9aPYmq3AHQO7p_IPEO,communication,4,-2
-M9aPYmq3AHQO7p_IPEO,aa,5,0
-M9bPEajqZ48NB8XfdgH,Great data,1,5
-M9bPEajqZ48NB8XfdgH,good information,2,5
-M9bPEajqZ48NB8XfdgH,Irrelevant information,3,-5
-M9bPEajqZ48NB8XfdgH,Sarcasm Fake News,4,-5
-M9bPEajqZ48NB8XfdgH,Illuminati content manipulation,5,-5
-M9eJbiud3d8UgZSkLQX,information,1,0
-M9eJbiud3d8UgZSkLQX,can,2,0
-M9eJbiud3d8UgZSkLQX,profile,3,0
-M9eJbiud3d8UgZSkLQX,technology,4,0
-M9eJbiud3d8UgZSkLQX,interests,5,0
-M9eMLYoPJpwaiF28JpH,bioinformatica,1,5
-M9eMLYoPJpwaiF28JpH,databases,2,5
-M9eMLYoPJpwaiF28JpH,information,3,5
-M9eMLYoPJpwaiF28JpH,process,4,5
-M9eMLYoPJpwaiF28JpH,study,5,5
-M9fIfZbxBQuf_C9ykdU,Data conglomerate,1,-5
-M9fIfZbxBQuf_C9ykdU,dates base,2,5
-M9fIfZbxBQuf_C9ykdU,control social,3,-5
-M9fIfZbxBQuf_C9ykdU,almism,4,-5
-M9fIfZbxBQuf_C9ykdU,you have data,5,5
-M9fe1y2pfJPMNDavqwX,tracking,1,-5
-M9fe1y2pfJPMNDavqwX,advertising,2,-5
-M9fe1y2pfJPMNDavqwX,prediccion,3,5
-M9fe1y2pfJPMNDavqwX,invasion,4,-5
-M9fe1y2pfJPMNDavqwX,Simulation,5,5
-M9ffUSfoDKgHn7g4VHI,Masivity,1,5
-M9ffUSfoDKgHn7g4VHI,decisions,2,5
-M9ffUSfoDKgHn7g4VHI,prediction,3,5
-M9ffUSfoDKgHn7g4VHI,learning,4,5
-M9ffUSfoDKgHn7g4VHI,future,5,5
-M9gEVSI0qjc5HlzRTzN,systems,1,-1
-M9gEVSI0qjc5HlzRTzN,complexity,2,-5
-M9gEVSI0qjc5HlzRTzN,Information manipulation,3,-5
-M9gEVSI0qjc5HlzRTzN,break the sphere of the private,4,-5
-M9gEVSI0qjc5HlzRTzN,Inexurable,5,-5
-M9im7X_vwdllY2L2qcW,data,1,5
-M9im7X_vwdllY2L2qcW,predictive,2,5
-M9im7X_vwdllY2L2qcW,analysis,3,5
-M9im7X_vwdllY2L2qcW,mining,4,5
-M9im7X_vwdllY2L2qcW,learning,5,5
-M9jzjOvfhhnc1HQUw-K,tics,1,0
-M9jzjOvfhhnc1HQUw-K,privacy,2,-3
-M9jzjOvfhhnc1HQUw-K,information,3,0
-M9jzjOvfhhnc1HQUw-K,control,4,-3
-M9jzjOvfhhnc1HQUw-K,monitoring,5,0
-M9ktACuVC6ei8uX0_QT,ideas,1,5
-M9ktACuVC6ei8uX0_QT,technological,2,5
-M9ktACuVC6ei8uX0_QT,advances,3,5
-M9ktACuVC6ei8uX0_QT,incorporación,4,5
-M9ktACuVC6ei8uX0_QT,New horizons open,5,5
-M9kuexphs2s83feSRIf,computer,1,5
-M9kuexphs2s83feSRIf,challenge,2,0
-M9kuexphs2s83feSRIf,difficulty,3,-1
-M9kuexphs2s83feSRIf,knowledge,4,5
-M9kuexphs2s83feSRIf,speed,5,0
-M9mWirV6vPcrexA2Ws_,information,1,0
-M9mWirV6vPcrexA2Ws_,personal,2,-3
-M9mWirV6vPcrexA2Ws_,private,3,-4
-M9mWirV6vPcrexA2Ws_,control,4,-3
-M9mWirV6vPcrexA2Ws_,domination,5,-3
-M9mWirV6vPcrexA2Ws_,invasion,6,-4
-M9nqYSkZakrx3Y3WN9S,information,1,3
-M9nqYSkZakrx3Y3WN9S,technology,2,3
-M9nqYSkZakrx3Y3WN9S,Technological Information Services,3,3
-M9nqYSkZakrx3Y3WN9S,inevitable technology,4,-3
-M9nqYSkZakrx3Y3WN9S,Information and data market,5,-3
-M9nqYSkZakrx3Y3WN9S,not regulated many times by states,6,-3
-M9nzc4vnb7gkyGluTy9,great,1,5
-M9nzc4vnb7gkyGluTy9,data,2,5
-M9nzc4vnb7gkyGluTy9,information,3,5
-M9nzc4vnb7gkyGluTy9,primordial,4,5
-M9nzc4vnb7gkyGluTy9,novelty,5,5
-M9qLboEZV36oJ_TyVTW,dates base,1,5
-M9qLboEZV36oJ_TyVTW,information,2,3
-M9qLboEZV36oJ_TyVTW,collection,3,2
-M9qLboEZV36oJ_TyVTW,insecure,4,-2
-M9qLboEZV36oJ_TyVTW,research,5,5
-M9wcXm0RJpx_JvCsxmp,cloud,1,2
-M9wcXm0RJpx_JvCsxmp,information,2,0
-M9wcXm0RJpx_JvCsxmp,volume,3,0
-M9wcXm0RJpx_JvCsxmp,data,4,0
-M9wcXm0RJpx_JvCsxmp,trend,5,0
-M9xMDhgcbyfZt_0h02j,many data,1,3
-M9xMDhgcbyfZt_0h02j,They listen to us,2,-3
-M9xMDhgcbyfZt_0h02j,Very large database,3,3
-M9xMDhgcbyfZt_0h02j,internet,4,5
-M9xMDhgcbyfZt_0h02j,logarithms,5,2
-M9xUtvCz1CO-fhWhxcW,information,1,5
-M9xUtvCz1CO-fhWhxcW,private,2,-3
-M9xUtvCz1CO-fhWhxcW,Globalization,3,5
-M9xUtvCz1CO-fhWhxcW,technology,4,4
-M9xUtvCz1CO-fhWhxcW,innovación,5,5
-MA1lb7yaEsRL6pfJQIU,innovative,1,2
-MA1lb7yaEsRL6pfJQIU,challenge,2,3
-MA1lb7yaEsRL6pfJQIU,complexity,3,2
-MA1lb7yaEsRL6pfJQIU,tics,4,5
-MA1lb7yaEsRL6pfJQIU,tool,5,5
-MA1ofWJV23GYP3n_6CD,Great fact,1,0
-MA1ofWJV23GYP3n_6CD,much space,2,0
-MA1ofWJV23GYP3n_6CD,Big space,3,0
-MA1ofWJV23GYP3n_6CD,a long time,4,0
-MA1ofWJV23GYP3n_6CD,informatica,5,0
-MA2h7BSTc0qWZ3BLU-Y,what,1,0
-MA2h7BSTc0qWZ3BLU-Y,boludes,2,0
-MA2h7BSTc0qWZ3BLU-Y,what,3,0
-MA2h7BSTc0qWZ3BLU-Y,is it so,4,0
-MA2h7BSTc0qWZ3BLU-Y,making,5,0
-MA2sisq3Q0zUncprTLQ,can,1,5
-MA2sisq3Q0zUncprTLQ,complexity,2,-2
-MA2sisq3Q0zUncprTLQ,costly,3,-4
-MA2sisq3Q0zUncprTLQ,advantage,4,5
-MA2sisq3Q0zUncprTLQ,privacy,5,-5
-MA3n8HEVI12lqBe-nMK,sonbreinformación,1,-2
-MA3n8HEVI12lqBe-nMK,vulnerability,2,-5
-MA3n8HEVI12lqBe-nMK,can,3,-5
-MA3n8HEVI12lqBe-nMK,handling,4,-5
-MA3n8HEVI12lqBe-nMK,ignorance,5,-2
-MA4WaBx30V6BCJ1r8h3,individualism,1,-5
-MA4WaBx30V6BCJ1r8h3,postmodern,2,-5
-MA4WaBx30V6BCJ1r8h3,disinformation,3,-5
-MA4WaBx30V6BCJ1r8h3,warning,4,-5
-MA4WaBx30V6BCJ1r8h3,lost,5,0
-MA4YbfnliAzhenhPQ2L,information,1,2
-MA4YbfnliAzhenhPQ2L,control,2,0
-MA4YbfnliAzhenhPQ2L,traceability,3,2
-MA4YbfnliAzhenhPQ2L,decision,4,0
-MA4YbfnliAzhenhPQ2L,technology,5,0
-MA5drRLHu9kKkVh87Ul,PUBLIC opponents,1,5
-MA5drRLHu9kKkVh87Ul,handling,2,-3
-MA5drRLHu9kKkVh87Ul,data,3,0
-MA5drRLHu9kKkVh87Ul,advertising,4,-3
-MA5drRLHu9kKkVh87Ul,social networks,5,-5
-MA6mx_316uOHOgOX_Vq,information,1,5
-MA6mx_316uOHOgOX_Vq,snapshot,2,3
-MA6mx_316uOHOgOX_Vq,tracing,3,-3
-MA6mx_316uOHOgOX_Vq,immediate,4,3
-MA6mx_316uOHOgOX_Vq,social networks,5,2
-MA6xOPVFeWk-2iEI5Ut,espionage,1,-4
-MA6xOPVFeWk-2iEI5Ut,Mencacía,2,-3
-MA6xOPVFeWk-2iEI5Ut,artificial intelligence,3,5
-MA6xOPVFeWk-2iEI5Ut,concentration of power,4,-5
-MA6xOPVFeWk-2iEI5Ut,intellectual development,5,3
-MA7I6EGVB6HX0WdjOD3,information,1,3
-MA7I6EGVB6HX0WdjOD3,segmentation,2,0
-MA7I6EGVB6HX0WdjOD3,Informative Flow Control,3,-3
-MA7I6EGVB6HX0WdjOD3,Access to sensitive information,4,-3
-MA7I6EGVB6HX0WdjOD3,handling,5,-5
-MA84bdjTbDNYpW4rVrn,Great data,1,-4
-MA84bdjTbDNYpW4rVrn,little comprehensive,2,2
-MA84bdjTbDNYpW4rVrn,big files,3,-3
-MA84bdjTbDNYpW4rVrn,a lot of information,4,-5
-MA84bdjTbDNYpW4rVrn,collected data,5,-2
-MA9Ls5s9ZqRh2ad_xRS,control,1,-5
-MA9Ls5s9ZqRh2ad_xRS,1984,2,-5
-MA9Ls5s9ZqRh2ad_xRS,Big Brother,3,-5
-MA9Ls5s9ZqRh2ad_xRS,social networks,4,-5
-MA9Ls5s9ZqRh2ad_xRS,china,5,-5
-MACbOjTBFOUnOTnD_p5,data,1,4
-MACbOjTBFOUnOTnD_p5,amount,2,4
-MACbOjTBFOUnOTnD_p5,great,3,4
-MACbOjTBFOUnOTnD_p5,technology,4,4
-MACbOjTBFOUnOTnD_p5,internet,5,4
-MHJlrA1dB1lEQ2dtLwy,data,1,5
-MHJlrA1dB1lEQ2dtLwy,Grabde,2,5
-MHJlrA1dB1lEQ2dtLwy,personal,3,-5
-MHJlrA1dB1lEQ2dtLwy,global,4,5
-MHJlrA1dB1lEQ2dtLwy,information,5,5
-MHvawm4Gby6HjQPqhIF,Large data,1,0
-MHvawm4Gby6HjQPqhIF,technology,2,2
-MHvawm4Gby6HjQPqhIF,advance,3,1
-MHvawm4Gby6HjQPqhIF,future,4,2
-MHvawm4Gby6HjQPqhIF,globalization,5,-4
-MHwq39ljl8yTbFIUCAt,technologies,1,2
-MHwq39ljl8yTbFIUCAt,data,2,0
-MHwq39ljl8yTbFIUCAt,research,3,1
-MHwq39ljl8yTbFIUCAt,relations,4,0
-MHwq39ljl8yTbFIUCAt,substitution,5,-1
-MI-DBiVXnjO1_xyIqe5,observation,1,-5
-MI-DBiVXnjO1_xyIqe5,information,2,0
-MI-DBiVXnjO1_xyIqe5,superior,3,-5
-MI-DBiVXnjO1_xyIqe5,amplitude,4,0
-MI-DBiVXnjO1_xyIqe5,simplicity,5,0
-MI1Ua2LKwQkRp6L_KL4,submission,1,-2
-MI1Ua2LKwQkRp6L_KL4,control,2,-4
-MI1Ua2LKwQkRp6L_KL4,slavery,3,-5
-MI1Ua2LKwQkRp6L_KL4,information,4,-2
-MI1Ua2LKwQkRp6L_KL4,decay,5,-3
-MJiTO5NAjveOIB6uc7G,personal information,1,0
-MJiTO5NAjveOIB6uc7G,internet,2,5
-MJiTO5NAjveOIB6uc7G,social networks,3,-3
-MJiTO5NAjveOIB6uc7G,to share,4,-5
-MJiTO5NAjveOIB6uc7G,macrodatos,5,-1
-MJiTO5NAjveOIB6uc7G,technology,6,5
-MK66xQT-woKEPPt8iKS,information,1,5
-MK66xQT-woKEPPt8iKS,posibilities,2,5
-MK66xQT-woKEPPt8iKS,analysis,3,0
-MK66xQT-woKEPPt8iKS,worked,4,2
-MK66xQT-woKEPPt8iKS,new,5,0
-MKNfl6SdR7h-NBvZ_Jj,Large information,1,4
-MKNfl6SdR7h-NBvZ_Jj,Data ocean,2,2
-MKNfl6SdR7h-NBvZ_Jj,Something superior,3,5
-MKNfl6SdR7h-NBvZ_Jj,Digital cloud,4,4
-MKNfl6SdR7h-NBvZ_Jj,internet,5,4
-MKXOkNDQjknCVeb1YP2,information,1,5
-MKXOkNDQjknCVeb1YP2,analysis,2,5
-MKXOkNDQjknCVeb1YP2,knowledge,3,5
-MKXOkNDQjknCVeb1YP2,research,4,5
-MKXOkNDQjknCVeb1YP2,technology,5,5
-MKc18qPjUPSYiUegjSz,a lot of information,1,0
-MKc18qPjUPSYiUegjSz,data control,2,-4
-MKc18qPjUPSYiUegjSz,handling,3,-4
-MKc18qPjUPSYiUegjSz,Global storage,4,3
-MKc18qPjUPSYiUegjSz,expansion,5,3
-ML7vS4tfqywTm7SVODZ,quantitative data,1,2
-ML7vS4tfqywTm7SVODZ,analysis,2,0
-ML7vS4tfqywTm7SVODZ,technology,3,-2
-ML7vS4tfqywTm7SVODZ,internet,4,0
-ML7vS4tfqywTm7SVODZ,privacy,5,-3
-ML7vS4tfqywTm7SVODZ,social Sciences,6,0
-MLOi-xh9E2OTlK96Wbl,Burger,1,-5
-MLOi-xh9E2OTlK96Wbl,huge,2,-5
-MLOi-xh9E2OTlK96Wbl,Latinjo,3,-5
-MLOi-xh9E2OTlK96Wbl,pedantry,4,-5
-MLOi-xh9E2OTlK96Wbl,pride,5,-5
-MLOi-xh9E2OTlK96Wbl,shit,6,-5
-MLPiOWKMSfxELGJZ-b0,Large amounts of data,1,3
-MLPiOWKMSfxELGJZ-b0,control,2,2
-MLPiOWKMSfxELGJZ-b0,Big Brother,3,2
-MLPiOWKMSfxELGJZ-b0,exposed public life,4,3
-MLPiOWKMSfxELGJZ-b0,inclusion,5,2
-MLQ-7jgiiIl4wcO5Iod,data,1,5
-MLQ-7jgiiIl4wcO5Iod,great,2,5
-MLQ-7jgiiIl4wcO5Iod,base,3,5
-MLQ-7jgiiIl4wcO5Iod,Many,4,5
-MLQ-7jgiiIl4wcO5Iod,system,5,5
-MLQq2HSuKCBcMaFvvK9,feedback,1,0
-MLQq2HSuKCBcMaFvvK9,networks,2,2
-MLQq2HSuKCBcMaFvvK9,post,3,1
-MLQq2HSuKCBcMaFvvK9,instagram,4,0
-MLQq2HSuKCBcMaFvvK9,Hastag,5,1
-MLR-usY5pe5nDXrGI8b,science,1,3
-MLR-usY5pe5nDXrGI8b,data,2,2
-MLR-usY5pe5nDXrGI8b,handling,3,-4
-MLR-usY5pe5nDXrGI8b,decisions,4,2
-MLR-usY5pe5nDXrGI8b,models,5,2
-MLR7MPhK2XCno_iqlDX,fear,1,-3
-MLR7MPhK2XCno_iqlDX,distrust,2,-3
-MLR7MPhK2XCno_iqlDX,concern,3,-3
-MLR7MPhK2XCno_iqlDX,inequality,4,-3
-MLR7MPhK2XCno_iqlDX,elite,5,-2
-MLSLYhelOqYAdfxsAl1,unknown,1,0
-MLSLYhelOqYAdfxsAl1,unknown,2,0
-MLSLYhelOqYAdfxsAl1,unknown,3,0
-MLSLYhelOqYAdfxsAl1,unknown,4,0
-MLSLYhelOqYAdfxsAl1,unknown,5,0
-MLSXmD3hmOnyus5Ew4T,handling,1,5
-MLSXmD3hmOnyus5Ew4T,meddling,2,5
-MLSXmD3hmOnyus5Ew4T,Violation of intimacy,3,2
-MLSXmD3hmOnyus5Ew4T,information,4,-5
-MLSXmD3hmOnyus5Ew4T,speed,5,-5
-MLXt4an9A8nPM2k32Lk,analysis of data,1,4
-MLXt4an9A8nPM2k32Lk,Social networks algorithm,2,-3
-MLXt4an9A8nPM2k32Lk,data mining,3,3
-MLXt4an9A8nPM2k32Lk,data mining,4,3
-MLXt4an9A8nPM2k32Lk,Data engineering,5,3
-MLbm_HvztjTY5SpqHSb,Data overabundance,1,0
-MLbm_HvztjTY5SpqHSb,excess information,2,0
-MLbm_HvztjTY5SpqHSb,algorithms systems,3,-1
-MLbm_HvztjTY5SpqHSb,affinity patterns,4,0
-MLbm_HvztjTY5SpqHSb,tool for measuring behaviors,5,0
-MLepYbouoqwmtJNRRbK,internet,1,3
-MLepYbouoqwmtJNRRbK,google,2,3
-MLepYbouoqwmtJNRRbK,information,3,2
-MLepYbouoqwmtJNRRbK,concepts,4,2
-MLepYbouoqwmtJNRRbK,research,5,3
-MLjoVz5SmA1mjjGUg-4,Great fact,1,0
-MLjoVz5SmA1mjjGUg-4,a hamburger,2,-5
-MLjoVz5SmA1mjjGUg-4,great news,3,-5
-MLjoVz5SmA1mjjGUg-4,very big,4,-5
-MLjoVz5SmA1mjjGUg-4,Big surprise,5,-5
-MLtIssGbdgViO8EAnsB,data,1,0
-MLtIssGbdgViO8EAnsB,acousse,2,0
-MLtIssGbdgViO8EAnsB,calculation,3,0
-MLtIssGbdgViO8EAnsB,analysis,4,0
-MLtIssGbdgViO8EAnsB,knowledge,5,0
-MLzJP5OPDMNyjzga20r,knowledge,1,5
-MLzJP5OPDMNyjzga20r,research,2,5
-MLzJP5OPDMNyjzga20r,evaluate,3,5
-MLzJP5OPDMNyjzga20r,invest,4,5
-MLzJP5OPDMNyjzga20r,develop,5,5
-MM1HiQs8bhviZSuYPMN,problems,1,-4
-MM1HiQs8bhviZSuYPMN,distance,2,-4
-MM1HiQs8bhviZSuYPMN,des humanize,3,-4
-MM1HiQs8bhviZSuYPMN,robo,4,-5
-MM1HiQs8bhviZSuYPMN,invasion,5,-4
-MM7Yo-7GxNnXZyKcjKf,great,1,5
-MM7Yo-7GxNnXZyKcjKf,given,2,5
-MM7Yo-7GxNnXZyKcjKf,interest,3,5
-MM7Yo-7GxNnXZyKcjKf,information,4,5
-MM7Yo-7GxNnXZyKcjKf,important,5,5
-MM8FtmWeg3r_BMWcbLr,Telenoche,1,5
-MM8FtmWeg3r_BMWcbLr,We are what we write,2,5
-MM8FtmWeg3r_BMWcbLr,It is a trend,3,1
-MM8FtmWeg3r_BMWcbLr,scientists,4,-4
-MM8FtmWeg3r_BMWcbLr,that interests us,5,3
-MM8aMK1YZ6AiZ9OfLGm,technology,1,-5
-MM8aMK1YZ6AiZ9OfLGm,information,2,-5
-MM8aMK1YZ6AiZ9OfLGm,speed,3,-5
-MM8aMK1YZ6AiZ9OfLGm,informatica,4,-5
-MM8aMK1YZ6AiZ9OfLGm,amplitude,5,-5
-MMA3M-WS3ySl6CTG1to,data science,1,5
-MMA3M-WS3ySl6CTG1to,Data study,2,5
-MMA3M-WS3ySl6CTG1to,Data statistics,3,5
-MMA3M-WS3ySl6CTG1to,data,4,5
-MMA3M-WS3ySl6CTG1to,Data evaluation,5,5
-MMBXdmzqVokHX2B9bMM,technology,1,0
-MMBXdmzqVokHX2B9bMM,information,2,0
-MMBXdmzqVokHX2B9bMM,gates,3,0
-MMBXdmzqVokHX2B9bMM,computer,4,0
-MMBXdmzqVokHX2B9bMM,digital,5,0
-MMBqICRyPxt8eTveAcP,Great fact,1,-5
-MMBqICRyPxt8eTveAcP,Great date,2,-5
-MMBqICRyPxt8eTveAcP,Interesting fact,3,-5
-MMBqICRyPxt8eTveAcP,an important date,4,-5
-MMBqICRyPxt8eTveAcP,a great change,5,-5
-MMCEB6Cs23tAF9gRaT6,statistics,1,2
-MMCEB6Cs23tAF9gRaT6,data,2,3
-MMCEB6Cs23tAF9gRaT6,dates base,3,2
-MMCEB6Cs23tAF9gRaT6,volume,4,1
-MMCEB6Cs23tAF9gRaT6,insights,5,1
-MMDbwLyHiqYw7KMtGDW,friends,1,5
-MMDbwLyHiqYw7KMtGDW,family,2,5
-MMDbwLyHiqYw7KMtGDW,neighbours,3,5
-MMDbwLyHiqYw7KMtGDW,love,4,5
-MMDbwLyHiqYw7KMtGDW,deports,5,5
-MO400KVthenDRhPgXKp,handling,1,-5
-MO400KVthenDRhPgXKp,business,2,-5
-MO400KVthenDRhPgXKp,capitalism,3,-5
-MO400KVthenDRhPgXKp,fraudulent,4,-5
-MO400KVthenDRhPgXKp,lies,5,-5
-MO4YBQ3eH4gNQdBzobR,future,1,5
-MO4YBQ3eH4gNQdBzobR,knowledge,2,5
-MO4YBQ3eH4gNQdBzobR,science,3,5
-MO4YBQ3eH4gNQdBzobR,opening,4,5
-MO4YBQ3eH4gNQdBzobR,creativity,5,5
-MO4jK-s_-051I7hC8cx,graphics,1,5
-MO4jK-s_-051I7hC8cx,Functions,2,5
-MO4jK-s_-051I7hC8cx,math,3,5
-MO4jK-s_-051I7hC8cx,massive,4,5
-MO4jK-s_-051I7hC8cx,quantitative,5,5
-MO6D6_ijowDF31o8qqE,machine learning,1,2
-MO6D6_ijowDF31o8qqE,dates base,2,4
-MO6D6_ijowDF31o8qqE,ProgramCión,3,3
-MO6D6_ijowDF31o8qqE,technology,4,3
-MO6D6_ijowDF31o8qqE,data science,5,5
-MO7WBQZMCJiGkty2kSp,short,1,0
-MO7WBQZMCJiGkty2kSp,park,2,-2
-MO7WBQZMCJiGkty2kSp,poor,3,-2
-MO7WBQZMCJiGkty2kSp,doubtful,4,-3
-MO7WBQZMCJiGkty2kSp,dangerous,5,-2
-MO7ltqjRlPbC6HIssjp,important,1,4
-MO7ltqjRlPbC6HIssjp,infallible,2,4
-MO7ltqjRlPbC6HIssjp,essential,3,4
-MO7ltqjRlPbC6HIssjp,valuable,4,4
-MO7ltqjRlPbC6HIssjp,respectable,5,4
-MO7qjKMN7eFXgn7orgV,information,1,5
-MO7qjKMN7eFXgn7orgV,speed,2,5
-MO7qjKMN7eFXgn7orgV,records,3,5
-MO7qjKMN7eFXgn7orgV,communication,4,5
-MO7qjKMN7eFXgn7orgV,links,5,5
-MOCKpw1sMrvqTcBTPPN,data,1,-2
-MOCKpw1sMrvqTcBTPPN,Many,2,-3
-MOCKpw1sMrvqTcBTPPN,informatica,3,0
-MOCKpw1sMrvqTcBTPPN,digital age,4,0
-MOCKpw1sMrvqTcBTPPN,handling,5,-3
-MODbnI-5VUOlIsPhFVK,statistics,1,5
-MODbnI-5VUOlIsPhFVK,social networks,2,-2
-MODbnI-5VUOlIsPhFVK,Marketplace,3,0
-MODbnI-5VUOlIsPhFVK,sectorización,4,0
-MODbnI-5VUOlIsPhFVK,PATO Donnald,5,0
-MOFNcNwtvqZoUYI3rtg,integration,1,-5
-MOFNcNwtvqZoUYI3rtg,confluence,2,-5
-MOFNcNwtvqZoUYI3rtg,technologies,3,-5
-MOFNcNwtvqZoUYI3rtg,value,4,-5
-MOFNcNwtvqZoUYI3rtg,information,5,-5
-MOI5QN5ClfIvLo9bBdB,great,1,5
-MOI5QN5ClfIvLo9bBdB,knowledge,2,5
-MOI5QN5ClfIvLo9bBdB,data,3,5
-MOI5QN5ClfIvLo9bBdB,Connection,4,5
-MOI5QN5ClfIvLo9bBdB,democratization,5,5
-MOPRrWwutkkwga4-ICU,control,1,-2
-MOPRrWwutkkwga4-ICU,Storage data,2,-3
-MOPRrWwutkkwga4-ICU,dehumanization,3,-3
-MOPRrWwutkkwga4-ICU,marketing,4,-3
-MOPRrWwutkkwga4-ICU,Global Analysis,5,-3
-MOQ7IBHLrbgCW4vzd75,Large amounts of data,1,5
-MOQ7IBHLrbgCW4vzd75,structured and unstructured data,2,5
-MOQ7IBHLrbgCW4vzd75,4 v,3,5
-MOQ7IBHLrbgCW4vzd75,predict,4,5
-MOQ7IBHLrbgCW4vzd75,Provides information for Ltoma,5,5
-MOQb5jH5h7g_RjWllOL,Big Brother,1,-5
-MOQb5jH5h7g_RjWllOL,marketing,2,-5
-MOQb5jH5h7g_RjWllOL,manage,3,5
-MOQb5jH5h7g_RjWllOL,inequality,4,-5
-MOQb5jH5h7g_RjWllOL,Financing,5,-5
-MOT9rUexFQzWK9vd9JT,Big Brother,1,-5
-MOT9rUexFQzWK9vd9JT,handling,2,-5
-MOT9rUexFQzWK9vd9JT,lack of privacy,3,-5
-MOT9rUexFQzWK9vd9JT,control,4,-5
-MOT9rUexFQzWK9vd9JT,prediction,5,0
-MOX6OY28FHFxWiMn_hN,great,1,5
-MOX6OY28FHFxWiMn_hN,data,2,5
-MOX6OY28FHFxWiMn_hN,information,3,5
-MOX6OY28FHFxWiMn_hN,few,4,-4
-MOX6OY28FHFxWiMn_hN,util,5,5
-MOXQxsRq-1pFi7ICFDx,great,1,0
-MOXQxsRq-1pFi7ICFDx,information,2,0
-MOXQxsRq-1pFi7ICFDx,enigma,3,0
-MOXQxsRq-1pFi7ICFDx,English,4,0
-MOXQxsRq-1pFi7ICFDx,Computing,5,0
-MOYj-2u1KzgK1Q7WLfR,Analysis of large data masses,1,5
-MOYj-2u1KzgK1Q7WLfR,necessary for progress,2,5
-MOYj-2u1KzgK1Q7WLfR,Scarce of data scientists,3,-2
-MOYj-2u1KzgK1Q7WLfR,"fundamental for the development of a region, country",4,5
-MOYj-2u1KzgK1Q7WLfR,Fundamental the application of AI in education,5,5
-MOaYEM7_lQ7HbGHOdC_,personal information,1,-3
-MOaYEM7_lQ7HbGHOdC_,confidential information,2,-5
-MOaYEM7_lQ7HbGHOdC_,statistics,3,2
-MOaYEM7_lQ7HbGHOdC_,citizen information,4,2
-MOaYEM7_lQ7HbGHOdC_,Open data,5,3
-MObWOh6k39tV0W8DxWe,data,1,-2
-MObWOh6k39tV0W8DxWe,big ones,2,1
-MObWOh6k39tV0W8DxWe,control,3,2
-MObWOh6k39tV0W8DxWe,statistics,4,0
-MObWOh6k39tV0W8DxWe,caution,5,0
-MOc5qB5gZ187A94FzCQ,immeasurable,1,5
-MOc5qB5gZ187A94FzCQ,responsibility,2,5
-MOc5qB5gZ187A94FzCQ,risky,3,-5
-MOc5qB5gZ187A94FzCQ,knowledge,4,5
-MOc5qB5gZ187A94FzCQ,Connection,5,5
-MOcnYyAE-bzFE0uby1r,abundance of information,1,3
-MOcnYyAE-bzFE0uby1r,low of privacity,2,-3
-MOcnYyAE-bzFE0uby1r,distrust,3,-3
-MOcnYyAE-bzFE0uby1r,fear,4,-3
-MOcnYyAE-bzFE0uby1r,unclear rules,5,-3
-MOhgrxV2uFhk1tzR7dH,data,1,0
-MOhgrxV2uFhk1tzR7dH,amount,2,0
-MOhgrxV2uFhk1tzR7dH,research,3,0
-MOhgrxV2uFhk1tzR7dH,big ones,4,0
-MOhgrxV2uFhk1tzR7dH,information,5,0
-MOmSnMKNiXPGsOaXE4v,Great database,1,3
-MOmSnMKNiXPGsOaXE4v,Too many REF data,2,0
-MOmSnMKNiXPGsOaXE4v,Decontrol / controlled,3,-2
-MOmSnMKNiXPGsOaXE4v,Everything is on the web,4,0
-MOmSnMKNiXPGsOaXE4v,Much control over the contents,5,0
-MOpTDtC6o4nieaHi9dn,analysis,1,3
-MOpTDtC6o4nieaHi9dn,manipulation of people,2,-3
-MOpTDtC6o4nieaHi9dn,Data centralization,3,-3
-MOpTDtC6o4nieaHi9dn,artificial intelligence,4,3
-MOpTDtC6o4nieaHi9dn,Manipulation of wills,5,-4
-MOpjelbj0HdoS5xs_Iy,knowledge,1,3
-MOpjelbj0HdoS5xs_Iy,Time savings,2,4
-MOpjelbj0HdoS5xs_Iy,maximize,3,3
-MOpjelbj0HdoS5xs_Iy,saving,4,2
-MOpjelbj0HdoS5xs_Iy,intelligence,5,0
-MOqIiV_TUfUz5jx7IEu,hyperconnection,1,0
-MOqIiV_TUfUz5jx7IEu,Virtualization,2,0
-MOqIiV_TUfUz5jx7IEu,Mental models,3,0
-MOqIiV_TUfUz5jx7IEu,control,4,0
-MOqIiV_TUfUz5jx7IEu,resources,5,0
-MOvJrusvVV4uLhlidgH,innovation,1,4
-MOvJrusvVV4uLhlidgH,chance,2,4
-MOvJrusvVV4uLhlidgH,privacy,3,-4
-MOvJrusvVV4uLhlidgH,prosecution,4,0
-MOvJrusvVV4uLhlidgH,knowledge,5,4
-MOx2s4RPCCi6muf8Oa6,data,1,0
-MOx2s4RPCCi6muf8Oa6,life,2,0
-MOx2s4RPCCi6muf8Oa6,person,3,0
-MOx2s4RPCCi6muf8Oa6,history,4,0
-MOx2s4RPCCi6muf8Oa6,record,5,0
-MOxAjR19cQYVv8e92I_,information,1,5
-MOxAjR19cQYVv8e92I_,Concentration,2,5
-MOxAjR19cQYVv8e92I_,handling,3,-5
-MOxAjR19cQYVv8e92I_,targeting,4,5
-MOxAjR19cQYVv8e92I_,statistical,5,5
-MOyi9eXl9hl3BkETQsV,control,1,-5
-MOyi9eXl9hl3BkETQsV,possession,2,-5
-MOyi9eXl9hl3BkETQsV,unsafety,3,-5
-MOyi9eXl9hl3BkETQsV,delay,4,-5
-MOyi9eXl9hl3BkETQsV,gatopardism,5,-5
-MP1nHo1kV4kVwPY4gwP,spy,1,-5
-MP1nHo1kV4kVwPY4gwP,privacy,2,-5
-MP1nHo1kV4kVwPY4gwP,violent,3,-5
-MP1nHo1kV4kVwPY4gwP,handling,4,-5
-MP1nHo1kV4kVwPY4gwP,decolonization,5,5
-MP4gH2anX1rrzXAzI5k,info,1,2
-MP4gH2anX1rrzXAzI5k,world,2,2
-MP4gH2anX1rrzXAzI5k,internet,3,-2
-MP4gH2anX1rrzXAzI5k,Photos,4,2
-MP4gH2anX1rrzXAzI5k,science,5,3
-MPm4v8RRhQ9vNcibwPA,dates base,1,5
-MPm4v8RRhQ9vNcibwPA,computer,2,5
-MPm4v8RRhQ9vNcibwPA,RAM memory,3,5
-MPm4v8RRhQ9vNcibwPA,motherboard,4,5
-MPm4v8RRhQ9vNcibwPA,virus,5,5
-MRWI3eL-7jdzgV1VTY0,information,1,3
-MRWI3eL-7jdzgV1VTY0,data,2,3
-MRWI3eL-7jdzgV1VTY0,confusion,3,-2
-MRWI3eL-7jdzgV1VTY0,disorder,4,-2
-MRWI3eL-7jdzgV1VTY0,loneliness,5,-3
-MRdyLDOe9NYn_V5cEZi,computers,1,-4
-MRdyLDOe9NYn_V5cEZi,artificial intelligence,2,-4
-MRdyLDOe9NYn_V5cEZi,Computing,3,-4
-MRdyLDOe9NYn_V5cEZi,memory,4,-5
-MRdyLDOe9NYn_V5cEZi,Great memory,5,-5
-MRdyd28LVbYrFrC2Yaf,persecution,1,-4
-MRdyd28LVbYrFrC2Yaf,control,2,-4
-MRdyd28LVbYrFrC2Yaf,bullying,3,-3
-MRdyd28LVbYrFrC2Yaf,fraud,4,-4
-MRdyd28LVbYrFrC2Yaf,orwell,5,-4
-MRe4V7a_UezuTjSzjTa,Robotic intelligence,1,5
-MRe4V7a_UezuTjSzjTa,sort out,2,5
-MRe4V7a_UezuTjSzjTa,speed,3,5
-MRe4V7a_UezuTjSzjTa,ease,4,-5
-MRe4V7a_UezuTjSzjTa,unemployment,5,-5
-MReZBWUKdbBeOLqu7b6,extensive,1,0
-MReZBWUKdbBeOLqu7b6,data,2,0
-MReZBWUKdbBeOLqu7b6,multiple,3,0
-MReZBWUKdbBeOLqu7b6,different,4,0
-MReZBWUKdbBeOLqu7b6,complex,5,0
-MRfHxpmfAaTpPCkIWtS,Technological tools,1,3
-MRfHxpmfAaTpPCkIWtS,more data,2,1
-MRfHxpmfAaTpPCkIWtS,computer applications,3,3
-MRfHxpmfAaTpPCkIWtS,Complex data,4,3
-MRfHxpmfAaTpPCkIWtS,advances,5,2
-MRgd5gqT1sPRxuqRvc6,data,1,0
-MRgd5gqT1sPRxuqRvc6,secret,2,5
-MRgd5gqT1sPRxuqRvc6,good news,3,-5
-MRgd5gqT1sPRxuqRvc6,hope,4,0
-MRgd5gqT1sPRxuqRvc6,mystery,5,0
-MRgd5gqT1sPRxuqRvc6,surprise,6,0
-MRgeoiYLcV9FerREfAu,information,1,3
-MRgeoiYLcV9FerREfAu,digital,2,5
-MRgeoiYLcV9FerREfAu,communication,3,5
-MRgeoiYLcV9FerREfAu,connected,4,5
-MRgeoiYLcV9FerREfAu,robotization,5,-1
-MRjaXfR_C2Ok75DyXn7,great,1,0
-MRjaXfR_C2Ok75DyXn7,data,2,0
-MRjaXfR_C2Ok75DyXn7,computing,3,0
-MRjaXfR_C2Ok75DyXn7,technologies,4,0
-MRjaXfR_C2Ok75DyXn7,tics,5,0
-MRjcLxxcxOLmO3Z6-he,time,1,-2
-MRjcLxxcxOLmO3Z6-he,handling,2,-4
-MRjcLxxcxOLmO3Z6-he,business,3,-4
-MRjcLxxcxOLmO3Z6-he,Patterns,4,4
-MRjcLxxcxOLmO3Z6-he,evolution,5,3
-MRkEZimIj8bDLw97dNX,data,1,5
-MRkEZimIj8bDLw97dNX,information,2,5
-MRkEZimIj8bDLw97dNX,algorithms,3,-2
-MRkEZimIj8bDLw97dNX,technology,4,5
-MRkEZimIj8bDLw97dNX,future,5,2
-MRk_WYHDnv0muqmM4Iw,python,1,0
-MRk_WYHDnv0muqmM4Iw,data,2,0
-MRk_WYHDnv0muqmM4Iw,volume,3,0
-MRk_WYHDnv0muqmM4Iw,information,4,0
-MRk_WYHDnv0muqmM4Iw,internet,5,2
-MRl7ZU2McMY5Aqd-B8t,handling,1,-5
-MRl7ZU2McMY5Aqd-B8t,control,2,-5
-MRl7ZU2McMY5Aqd-B8t,policy,3,-5
-MRl7ZU2McMY5Aqd-B8t,marketing,4,-2
-MRl7ZU2McMY5Aqd-B8t,Corporations,5,-5
-MRltII4CTK3lHMz6xVa,with a,1,4
-MRltII4CTK3lHMz6xVa,Data science,2,4
-MRltII4CTK3lHMz6xVa,power bi,3,4
-MRltII4CTK3lHMz6xVa,Language r r,4,3
-MRltII4CTK3lHMz6xVa,python,5,4
-MRmezoM_UQZ_O8MDjs9,data,1,3
-MRmezoM_UQZ_O8MDjs9,information,2,-2
-MRmezoM_UQZ_O8MDjs9,statistics,3,0
-MRmezoM_UQZ_O8MDjs9,espionage,4,-3
-MRmezoM_UQZ_O8MDjs9,change,5,-1
-MRpz6fn8rwxj_RkhQTF,information,1,0
-MRpz6fn8rwxj_RkhQTF,technology,2,0
-MRpz6fn8rwxj_RkhQTF,data,3,0
-MRpz6fn8rwxj_RkhQTF,statistics,4,0
-MRpz6fn8rwxj_RkhQTF,social,5,0
-MRpz9msSJN1PP6KD9cd,free,1,3
-MRpz9msSJN1PP6KD9cd,open,2,3
-MRpz9msSJN1PP6KD9cd,shared,3,3
-MRpz9msSJN1PP6KD9cd,results,4,3
-MRpz9msSJN1PP6KD9cd,management,5,4
-MRqm4K1OHsJ8cTf7Lnx,computer,1,0
-MRqm4K1OHsJ8cTf7Lnx,memory,2,0
-MRqm4K1OHsJ8cTf7Lnx,data,3,0
-MRqm4K1OHsJ8cTf7Lnx,charge,4,0
-MRqm4K1OHsJ8cTf7Lnx,technology,5,0
-MRtrH93JCyqS_OdgvhK,Primicia,1,5
-MRtrH93JCyqS_OdgvhK,novelty,2,5
-MRtrH93JCyqS_OdgvhK,amazing,3,-5
-MRtrH93JCyqS_OdgvhK,In political context a fraud,4,-5
-MRtrH93JCyqS_OdgvhK,In Family Context Alegria,5,5
-MS0bf_J5MixL6cTfXTc,data,1,5
-MS0bf_J5MixL6cTfXTc,Many,2,3
-MS0bf_J5MixL6cTfXTc,analysis,3,5
-MS0bf_J5MixL6cTfXTc,computing,4,5
-MS0bf_J5MixL6cTfXTc,statistics,5,5
-MS3vCvqTHVaVeJwTFoG,fear,1,5
-MS3vCvqTHVaVeJwTFoG,control,2,5
-MS3vCvqTHVaVeJwTFoG,INPHERT,3,5
-MS3vCvqTHVaVeJwTFoG,impotence,4,5
-MS3vCvqTHVaVeJwTFoG,hate,5,5
-MS4IhJXtxWGTAoGZkUI,data,1,5
-MS4IhJXtxWGTAoGZkUI,handling,2,-5
-MS4IhJXtxWGTAoGZkUI,information,3,5
-MS4IhJXtxWGTAoGZkUI,projection,4,5
-MS4IhJXtxWGTAoGZkUI,segmentation,5,-5